25 de Mayo,Córdoba,Córdoba,1
4 - 117 Ejército de los Andes,Mendoza,San Rafael,1
9088 IVM,Santa Fe,Firmat,1
AMSE Estación Limay,Río Negro,Cipoletti,1
AMSE Estación Limay,Río Negro,Cipolletti,1
Abraham Lincoln,Chubut,Comodoro Rivadavia,1
Abraham Lincoln School,Chubut,Comodoro Rivadavia,4
Adolfo Pérez Esquivel,Mendoza,Godoy Cruz,1
Agropecuaria,Ciudad Autónoma de Buenos Aires,C. A. de Buenos Aires,2
Agropecuaria Nº 1,Buenos Aires,Pehuajó,1
Agrotécnica Nº 327,Santa Fe,Bigand,1
"Agrotécnica Nº 327 ""Víctor A. Bigand""",Santa Fe,Bigand,1
Agrotécnica Nº327,Santa Fe,Bigand,1
"Agrotécnica Salesiana ""Don Bosco""",Buenos Aires,Uribelarrea,1
Agustiniano,Buenos Aires,Chilavert,5
Agustiniano,Buenos Aires,José León Suárez,1
Agustiniano,Buenos Aires,San Andrés,3
Agustiniano,Buenos Aires,San Martín,2
Agustiniano,Buenos Aires,Villa Ballester,2
Agustín Roscelli,Buenos Aires,La Plata,2
Alas,Buenos Aires,3 de Febrero,1
Alas,Buenos Aires,Caseros,2
Alas,Buenos Aires,Ciudad Jardín,4
Alas,Buenos Aires,El Palomar,1
Alas,Buenos Aires,Hurlingham,1
Alas,Buenos Aires,Palomar,1
Alas,Buenos Aires,Santos Lugares,2
Alas y Raíces,Misiones,Posadas,2
Albert Einstein,Buenos Aires,Mar del Plata,10
Albert Schweitzer,Buenos Aires,Mar del Plata,2
Alemana de Moreno,Buenos Aires,Moreno,1
Alemán de Temperley,Buenos Aires,Banfield,2
Alessandro Manzoni,Buenos Aires,San Isidro,2
Alessandro Marzoni,Buenos Aires,Villa Adelina,1
Almafuerte,Buenos Aires,Bernal,2
Anexo Escuela Técnica Dr. Juan G. Pujol,Corrientes,Saladas,1
Anglo Americano,Córdoba,Alta Gracia,8
Antonia María Verna,Santa Fe,Santa Fe,1
Argentina Modelo,Ciudad Autónoma de Buenos Aires,C. A. de Buenos Aires,6
Argentino Japonés,Ciudad Autónoma de Buenos Aires,C. A. de Buenos Aires,2
Armonía,Buenos Aires,Campana,2
Arturo Capdevila,Córdoba,General Baldissera,1
Arturo Illia,Buenos Aires,Mar del Plata,1
Arzruni,Ciudad Autónoma de Buenos Aires,C. A. de Buenos Aires,2
Asociación Cultural Pestalozzi,Ciudad Autónoma de Buenos Aires,C. A. de Buenos Aires,2
Asociación Escolar Alemana,Buenos Aires,Necochea,1
Astillero Río Santiago,Buenos Aires,La Plata,1
Asunción de la Virgen,Buenos Aires,Olivos,3
Ausonia,Buenos Aires,Quilmes,1
BAICA,Ciudad Autónoma de Buenos Aires,C. A. de Buenos Aires,1
BMDC,Buenos Aires,Gral. Rodríguez,1
Bachillerato Humanista Moderno de Salta,Salta,Salta Capital,1
Bachillerato de Bellas Artes,Buenos Aires,Villa Elisa,3
Ballester,Buenos Aires,Villa Ballester,1
Balmoral,Buenos Aires,Banfield,2
Bartolomé Mitre,Buenos Aires,Moreno,1
Bartolomé Mitre Day School,Buenos Aires,Castelar,1
Bartolomé Mitre Day School,Buenos Aires,Francisco Alvarez - Moreno,1
Bartolomé Mitre Day School,Buenos Aires,Francisco Álvarez,1
Bartolomé Mitre Day School,Buenos Aires,Merlo,3
Bartolomé Mitre Day School,Buenos Aires,Moreno,2
Bede,Buenos Aires,Pilar,1
Bede's Grammar School,Buenos Aires,Del Viso,1
Belgrano,Salta,Salta,2
Belgrano Day School,Ciudad Autónoma de Buenos Aires,C. A. de Buenos Aires,4
Belgrano Uno,Buenos Aires,Vicente López,2
Benito Lynch,Buenos Aires,La Plata,2
Bernardino Rivadavia I-14,Corrientes,Sauce,2
Big Ben School,Santiago del Estero,Santiago del Estero,2
Bosque del Plata,Buenos Aires,Gonnet,1
Brick Towers College,Buenos Aires,Del Viso,2
Brick Towers College,Buenos Aires,Pilar,1
C.E.P. Nº 5 Domingo F. Sarmiento,Chaco,Las Breñas,1
C.E.Rural Anexo IPEM Nro 80,Córdoba,Las Peñas Sud,1
CCI Alessandro Manzoni,Buenos Aires,Benavídez,2
CCI Alessandro Manzoni,Buenos Aires,Villa Adelina,1
CECIEMA,Santa Fe,Rosario,2
CEF San Buenaventura,Mendoza,Mendoza,2
CEM 123,Río Negro,Bariloche,1
CEM Nº 123,Río Negro,Bariloche,3
CEN 123,Río Negro,Bariloche,1
CEP Nº 26,Chaco,Las Breñas,1
CEP Nº 5,Chaco,Las Breñas,4
CEP Nº 75,Chaco,Corzuela,2
CET 12,Río Negro,Sierra Grande,1
CET Nº 2,Río Negro,Bariloche,2
CIATA,Buenos Aires,Morón,1
CPEM 12,Neuquén,Neuquén,2
CPEN Nº 12,Neuquén,Neuquén,1
CPET,Tierra del Fuego,Río Grande,2
CPT Nº 749,Chubut,Comodoro Rivadavia,1
CREAR,Buenos Aires,Chivilcoy,1
CUC,Mendoza,"Carrodilla, Luján de Cuyo",2
CUC,Mendoza,Mendoza,2
CUC,Mendoza,"San José, Guaymallén",1
CUC Mariano Moreno,San Juan,San Juan,1
Campus Lincoln,Buenos Aires,Pilar,2
Canada School,Ciudad Autónoma de Buenos Aires,C. A. de Buenos Aires,1
Cantardo Ferrini,Córdoba,Río Primero,1
Cardenal Newman,Buenos Aires,Benavídez,2
Cardenal Newman,Buenos Aires,Boulogne,4
Cardenal Newman,Buenos Aires,Martínez,2
Cardenal Newman,Buenos Aires,San Isidro,1
Cardenal Newman,Ciudad Autónoma de Buenos Aires,C. A. de Buenos Aires,5
Cardoso,Buenos Aires,Caseros,1
Carlos Pellegrini,Ciudad Autónoma de Buenos Aires,C.A. De Buenos Aires,2
Carlos Pellegrini,Ciudad Autónoma de Buenos Aires,CABA,3
Carlos Pellegrini,Córdoba,Pilar,1
Carmen Arriola de Marín,Buenos Aires,Martínez,3
Carmen Arriola de Marín,Buenos Aires,San Isidro,2
Casa Salesiana Pío IX,Ciudad Autónoma de Buenos Aires,C. A. de Buenos Aires,2
Castex,Río Negro,Bariloche,4
Centro Cultural Haedo,Buenos Aires,Morón,1
Centro Educativo Latinoamericano,Santa Fe,Rosario,1
Centro Educativo Loreto,Buenos Aires,Avellaneda,12
Centro Educativo Loreto,Buenos Aires,Lanús,2
Centro Educativo Loreto,Buenos Aires,Sarandi,4
Centro Educativo Loreto,Buenos Aires,Villa Domínico,2
Centro Educativo Loreto,Buenos Aires,Wilde,6
Cervantes,Buenos Aires,Bolívar,2
Chacabuco Nº 6 Morón,Buenos Aires,Hurlingham,1
Chaltel,Buenos Aires,Don Torcuato,2
Ciudad de Yapeyú N° 101,Chubut,Comodoro Rivadavia,2
Colegio Abraham Lincoln,Chubut,Comodoro Rivadavia,1
Colegio Alemán de Temperley,Buenos Aires,Llavallol,1
Colegio Anglo Americano,Córdoba,Alta Gracia,5
Colegio Armenia,Buenos Aires,Campana,1
Colegio Belgrano,Salta,Salta,2
Colegio Bilingüe Neuquén,Río Negro,Cipolletti,1
Colegio Católico Jesús Maestro,Jujuy,San Pedro de Jujuy,1
"Colegio Central Universitario ""Mariano Moreno""",San Juan,San Juan,1
Colegio Central Universitario Mariano Moreno,San Juan,San Juan,2
Colegio Claret,Ciudad Autónoma de Buenos Aires,C. A. de Buenos Aires,1
Colegio Dalmacio Vélez Sarsfield,Buenos Aires,Paso del Rey,1
Colegio Don Bosco,Buenos Aires,Bahía Blanca,1
Colegio Don Bosco,Río Negro,San Carlos de Bariloche,1
Colegio Educativo Loreto,Buenos Aires,Avellaneda,2
Colegio El Buen Ayre,Ciudad Autónoma de Buenos Aires,C. A. de Buenos Aires,1
Colegio Goethe,Buenos Aires,Martínez,1
Colegio Goethe,Santa Fe,Rosario,2
Colegio Holandés,Buenos Aires,Tres Arroyos,2
"Colegio Integral ""Dr. C. P. López Piacentini""",Chaco,Resistencia,3
"Colegio Integral ""Dr. C. P. López Pracentini""",Chaco,Resistencia,6
Colegio Integral Dr. Carlos P. López Piacentini,Chaco,Resistencia,1
Colegio Integral de Educación Ushuaia,Tierra del Fuego,Ushuaia,2
Colegio Internacional del Sur,Buenos Aires,Hudson,1
Colegio Labardén,Buenos Aires,San Isidro,1
Colegio Lincoln,Buenos Aires,La Plata,1
Colegio Los Cerros,Tucumán,Yerba Buena,2
Colegio Mariano Moreno,Buenos Aires,Azul,1
Colegio María del Rosario,Salta,Orán,2
Colegio María del Rosario Nº 8064,Salta,Orán,1
Colegio Mirasoles,Santa Fe,Rosario,1
Colegio Modelo Palpalá,Jujuy,Palpalá,1
Colegio Nacional,Buenos Aires,La Plata,1
"Colegio Nacional ""Dr Arturo Illia""",Buenos Aires,Mar del Plata,1
"Colegio Nacional ""Dr. Arturo Illia""",Buenos Aires,Mar del Plata,18
"Colegio Nacional ""Rafael Hernández""",Buenos Aires,La Plata,24
Colegio Nacional Arturo Illia,Buenos Aires,Mar del Plata,3
Colegio Nacional Arturo U. Illia,Buenos Aires,Mar del Plata,5
Colegio Nacional Buenos Aires,Ciudad Autónoma de Buenos Aires,CABA,1
Colegio Nacional Dr Arturo U. Illia,Buenos Aires,Mar del Plata,1
Colegio Nacional Rafael Hernández,Buenos Aires,La Plata,2
Colegio Nacional San Isidro,Buenos Aires,Villa Adelina,1
Colegio Nacional de Buenos Aires,Buenos Aires,San Fernando,2
Colegio Nacional de Buenos Aires,Buenos Aires,Vicente López,4
Colegio Nacional de Buenos Aires,Ciudad Autónoma de Buenos Aires,C. A. de Buenos Aires,65
Colegio Nacional de Buenos Aires,Ciudad Autónoma de Buenos Aires,C.A. De Buenos Aires,1
Colegio Nacional de Buenos Aires,Ciudad Autónoma de Buenos Aires,CABA,6
Colegio Nacional de Buenos Aires,Ciudad Autónoma de Buenos Aires,Capital Federal,2
Colegio Nacional de Buenos Aires,Ciudad Autónoma de Buenos Aires,Ciudad de Buenos Aires,2
Colegio Nacional de Monserrat,Córdoba,Córdoba,13
Colegio Nacional de Monserrat,Córdoba,Córdoba Capital,1
Colegio Normal,La Pampa,Santa Rosa,1
Colegio Nueva Concepción,Tucumán,San Miguel de Tucumán,2
Colegio Nº 207 San Isidro Labrador,Buenos Aires,La Paz,2
Colegio Nº 4 Nicolás Avellaneda,Ciudad Autónoma de Buenos Aires,Cdad de Buenos Aires,1
Colegio Parroquial Sagrada Familia,Buenos Aires,La Reja,1
Colegio Parroquial San José,Buenos Aires,Junín,1
"Colegio Polimodal Nº 14 ""Conquista del Desierto""",Santa Cruz,Pico Truncado,1
"Colegio Provincial Nº 1 ""Joaquín V. González""",La Rioja,La Rioja,1
Colegio Rafael Hernández,Buenos Aires,La Plata,1
Colegio Sagrada Familia Nº 8180,Santa Fe,Casilda,1
Colegio Sagrado Corazón,Tucumán,San Miguel de Tucumán,1
Colegio Sagrado Corazón de Jesús,Tucumán,Banda del Río Salí,1
"Colegio Salesiano ""Deán Funes""",Chubut,Comodoro Rivadavia,1
Colegio Salesiano Deán Funes,Chubut,Comodoro Rivadavia,2
Colegio San Antonio,Buenos Aires,San Antonio de Areco,1
Colegio San Antonio (San Antonio de Areco),Buenos Aires,San Andrés de Giles,2
Colegio San Javier,Tucumán,Yerba Buena,1
Colegio San José,Buenos Aires,Gonnet,1
Colegio San José,Buenos Aires,La Plata,1
Colegio San José,Buenos Aires,M.B. Gonnet,1
Colegio San Juan el Precursor,Buenos Aires,San Isidro,1
Colegio San Marcos,Buenos Aires,Canning,1
Colegio San Martín,Buenos Aires,Avellaneda,1
Colegio San Rafael,Ciudad Autónoma de Buenos Aires,Ciudad de Buenos Aires,1
Colegio San Simón,Buenos Aires,La Plata,1
Colegio Santa Inés,Buenos Aires,San Fernando,1
Colegio Santa María,Buenos Aires,Pehuajó,1
Colegio Santa María,Buenos Aires,Pilar,1
Colegio Secundario Club Estudiantes de la Plata,Buenos Aires,Villa Elisa,1
Colegio Secundario Nuestra Señora de Luján,Buenos Aires,San Andrés de Giles,1
Colegio Secundario Nº 5059,Salta,Orán,1
Colegio Secundario Paso de los Libres,Corrientes,Paso de Los Libres,1
Colegio Secundario de Colonia El Progreso,Corrientes,Bella Vista,2
Colegio Secundario de Paso de los Libres,Corrientes,Paso de Los Libres,1
Colegio Suizo,Tucumán,Yerba Buena,1
Colegio Superior Florentino Ameghino,Santa Fe,Cañada de Gómez,1
Colegio Superior Florentino Ameghino Nº 47,Santa Fe,Cañada de Gómez,1
Colegio Superior San Martín,Córdoba,San Francisco,3
Colegio Universitario Central,Mendoza,Godoy Cruz,2
Colegio Universitario Central,Mendoza,Guaymallén,3
Colegio Universitario Central,Mendoza,Maipú,1
Colegio Universitario Central,Mendoza,Mendoza,7
Colegio Ward,Buenos Aires,Castelar,2
Colegio Ward,Buenos Aires,Haedo,3
Colegio Ward,Buenos Aires,La Matanza (Ramos Mejía),2
Colegio Ward,Buenos Aires,Ramos Mejía,1
Colegio Ward,Buenos Aires,Villa Bosch,2
Colegio de Jesús,Salta,Salta,2
Colegio de Jesús,Salta,Salta Capital,1
Colegio de Todos los Santos,Buenos Aires,Acassuso,1
Colegio de la Ciudad,Ciudad Autónoma de Buenos Aires,C. A. de Buenos Aires,1
Colegio del Aconquija,Tucumán,Yerba Buena,2
Colegio del Salvador,Jujuy,San Salvador de Jujuy,9
Colegio el Buen Aire,Buenos Aires,San Isidro,1
Colinas Verdes,Buenos Aires,Banfield,1
Colinas de Peralta Ramos,Buenos Aires,Mar del Plata,2
Colinas del Norte,Buenos Aires,Pilar,1
Comercial Nro 15,Ciudad Autónoma de Buenos Aires,Ciudad de Buenos Aires,1
Comercial Nro 15 DE Nro 15,Ciudad Autónoma de Buenos Aires,Capital Federal,1
Comercial Nº 15 D.E. 15 Dra Cecilia Grierson,Ciudad Autónoma de Buenos Aires,CABA,1
"Comercial Nº 15 DE 15 ""Dra. Cecilia Grierson""",Ciudad Autónoma de Buenos Aires,C. A. de Buenos Aires,5
Comercio 5091,Salta,Orán,1
"Comercio Nº 1 ""Gral. Manuel Belgrano""",Tucumán,San Miguel de Tucumán,1
Comercio Nº 1 Gral Belgrano,Tucumán,San Miguel de Tucumán,1
Comercio Nº 1 Gral. Manuel Belgrano,Tucumán,San Miguel de Tucumán,1
"Comercio Nº 2 ""Martín Miguel de Güemes""",Entre Ríos,Concordia,1
Compañía de María,Mendoza,Godoy Cruz,1
Comunidad Educativa La Paz,Santa Fe,Rosario,5
Confluencia,Neuquén,Neuquén,9
Contardo Ferrini,Córdoba,Río Primero,5
Cooperativa Técnica Los Andes,Río Negro,Bariloche,1
Corazón de María,Buenos Aires,Chascomús,1
Corazón de María,Córdoba,Córdoba,2
Cristo Redentor,Entre Ríos,Paraná,2
Cristo Rey,Córdoba,Córdoba,5
Cristo Rey,Misiones,Apóstoles,3
Cristóforo Colombo,Ciudad Autónoma de Buenos Aires,C. A. de Buenos Aires,13
Cruz del Sur,Buenos Aires,San Fernando,2
Cruz del Sur,Buenos Aires,Tigre,1
Cultura Inglesa,Santa Fe,Venado Tuerto,4
D. F. Sarmiento,Buenos Aires,San Cayetano,2
DAD,Mendoza,Godoy Cruz,5
DAD,Mendoza,Guaymallén,1
DAD,Mendoza,Las Heras,1
DAD,Mendoza,Mendoza,3
DAD,Mendoza,"San José, Guaymallén",1
Dante Alighieri,Buenos Aires,Campana,1
Dante Alighieri,Córdoba,Villa María,2
Dante Alighieri,Río Negro,Bariloche,3
Dante Alighieri,Río Negro,San Carlos de Bariloche,1
Dante Alighieri,Santa Fe,Rosario,8
Dante Alighieri,Santa Fe,Santa Fe,5
Dante Alighieri,Santa Fe,Venado Tuerto,1
Dante Alighieri,Santa Fe,Villa Constitución,1
Dante Alighieri Nº 1374,Santa Fe,Las Parejas,1
Dardo Rocha,Buenos Aires,San Isidro,1
Dean Funes,Chubut,Comodoro Rivadavia,1
Del Libertador,Buenos Aires,Mar del Plata,3
Del Manantial,Buenos Aires,Del Viso,1
Del Viso Day School,Buenos Aires,Pilar,1
Departamento de Aplicación Docente,Mendoza,Mendoza,1
Departamento de Aplicación Docente EGB3,Mendoza,Guaymallén,1
Deán Funes,Chubut,Comodoro Rivadavia,3
Deán Gregorio Funes,Córdoba,Córdoba,1
Domingo Faustino Sarmiento,Buenos Aires,San Cayetano,1
Domingo Guzmán Silva Nº 46,Santa Fe,Santa Fe,2
Domingo de Oro 204,Santa Fe,Rafaela,1
Don Bosco,Buenos Aires,Bahía Blanca,3
Don Bosco,Buenos Aires,Cañuelas,1
Don Bosco,Buenos Aires,Mar del Plata,3
Don Bosco,Entre Ríos,Paraná,3
Don Bosco,Mendoza,Guaymallén,1
Don Bosco,Neuquén,Neuquén,3
Don Bosco,Río Negro,Bariloche,4
Don Bosco,Río Negro,Cipolletti,2
Don Emilio Frey,Río Negro,Bariloche,3
Don José de San Martín,Buenos Aires,Muñiz,1
Don Orione,Chaco,Presidencia Roque Sáenz Peña,2
Don Orione,Ciudad Autónoma de Buenos Aires,C. A. de Buenos Aires,2
Don Tomás de Rocamora,Entre Ríos,Gualeguay,1
Dover,Buenos Aires,Ingeniero Maschwitz,2
Dover High School,Buenos Aires,Escobar,2
Dover High School,Buenos Aires,Ing Maschwitz,1
Dover High School,Buenos Aires,Ing. Maschwitz,4
Dr Dalmacio Velez S.,Santa Fe,Casilda,1
Dr Horacio Carillo,Jujuy,San Salvador de Jujuy,1
Dr. Arturo U. Illia,Buenos Aires,Mar del Plata,1
Dr. Esteban L. Maradona,Formosa,Formosa,1
Dr. Federico Jorge Hotton,Buenos Aires,Zárate,2
E L Holmberg,Buenos Aires,Hudson,1
E L Holmberg,Buenos Aires,Quilmes,1
"E. E.M. Nº 13 ""Dr. Manuel Obarrio""",Buenos Aires,"Beccar, San Isidro",1
E. Normal Superior (Media Nro 9),Buenos Aires,Junín,1
E. S. de Comercio Nº 6 Mariano Moreno,Misiones,Posadas,1
E. Superior de Comercio Nro 39 José Ingenieros,Santa Fe,San Gregorio,1
E. Técnica Nro 1,Buenos Aires,Coronel Suárez,1
E.E.M. Nº 10 Escuela Normal J.M. Estrada,Buenos Aires,Olavarría,2
E.E.M. Nº 18 ENSPA,Buenos Aires,Avellaneda,1
"E.E.M. Nº 202 ""Manuel Leiva""",Santa Fe,Casilda,2
E.E.M. Nº 204,Buenos Aires,Bolívar,1
E.E.M. Nº 241 J.F.Kennedy,Santa Fe,Pujato,1
"E.E.M. Nº 381 ""Almirante G. Brown""",Santa Fe,Santa Fe,4
"E.E.M. Nº 415 ""Juan B. Alberdi""",Santa Fe,Arroyo Seco,1
E.E.M. Nº 419 D.F.Sarmiento,Santa Fe,Chañar Ladeado,1
"E.E.M. Nº202 ""Manuel Leiva""",Santa Fe,Casilda,1
E.E.M.P.I. Nº 8082,Santa Fe,Berabevú,1
E.E.M.P.I. Nº 8092,Santa Fe,Carmen,1
E.E.T. Nº 1,Buenos Aires,Villa Ramallo,1
"E.E.T. Nº 1 ""Corbeta Uruguay""",Buenos Aires,Gral. Las Heras,1
"E.E.T. Nº 1 ""Gral. Savio""",Buenos Aires,Saladillo,1
E.E.T. Nº 275 Alte. Guillermo Brown,Santa Fe,Alcorta,1
E.E.T. Nº 3 Teniente Don Luis Cenobro Candelaria,Entre Ríos,Paraná,1
E.E.T. Nº 455,Santa Fe,Esperanza,1
"E.E.T. Nº 484 ""Prefectura Naval Argentina""",Santa Fe,Villa Cañás,1
E.E.T. Nº 8 Juan B. Alberdi,Buenos Aires,La Plata,1
E.I.S.,Santa Fe,Santa Fe,1
E.M.Nro 7. Nueve de Julio,Buenos Aires,9 de julio,1
E.N.S. Nº 1,Ciudad Autónoma de Buenos Aires,CABA,1
E.P.E.T. Nº 12 Ing. J.C.Fontanive,Neuquén,San Martín de los Andes,1
E.Prov. de Nivel Medio Nro 201,Entre Ríos,Lucas González,1
E.S. de Comercio M. Belgrano,Córdoba,Córdoba,2
E.S.B. 30,Buenos Aires,Paso del Rey,1
E.S.B. Nº 1,Buenos Aires,Carlos Casares,1
E.S.B. Nº 6,Buenos Aires,Cortinez - Luján,1
E.S.B.Nº 39,Buenos Aires,Varela,1
EAS Don Bosco,Buenos Aires,Cañuelas,1
EAS Don Bosco Uribelarrea,Buenos Aires,González Catán,2
EAS Don Bosco Uribelarrea,Buenos Aires,Uribelarrea,1
ECEA,Ciudad Autónoma de Buenos Aires,C. A. de Buenos Aires,2
ECEA,Santa Fe,Rosario,2
ECTLA,Río Negro,Bariloche,4
"EEM 415 ""J. B. Alberdi""",Santa Fe,Arroyo Seco,1
EEM Nro 13,Buenos Aires,Victoria,1
EEM Nro 2,Buenos Aires,Cnel. Dorrego,1
EEM Nro 2,Buenos Aires,Daireaux,1
EEM Nro 2 Fray Mamerto Esquiú,Buenos Aires,San Andrés de Giles,1
EEM Nro 228,Santa Fe,Maggiolo,1
EEM Nro 4,Buenos Aires,Coronel Suárez,1
EEM Nro 6,Buenos Aires,Colón,1
EEM Nº 1,Buenos Aires,Lobos,1
EEM Nº 1,Buenos Aires,Marcos Paz,1
"EEM Nº 1 ""Crucero General Belgrano""",Buenos Aires,San Miguel del Monte,1
"EEM Nº 1 ""José A. Nava""",Buenos Aires,Villa Ramallo,2
EEM Nº 1 Gral. Belgrano,Buenos Aires,Marcos Paz,1
EEM Nº 10,Buenos Aires,Olavarría,1
EEM Nº 12,Buenos Aires,"José Marmol, Alte Brown",1
EEM Nº 13 Comercial de San Isidro,Buenos Aires,San Isidro,1
EEM Nº 14,Buenos Aires,Temperley,2
EEM Nº 2,Buenos Aires,Colón,7
EEM Nº 2,Buenos Aires,Coronel Dorrego,2
EEM Nº 2,Buenos Aires,Coronel Granada,1
EEM Nº 204,Buenos Aires,Bolívar,3
"EEM Nº 204 ""Domingo de Oro""",Santa Fe,Rafaela,3
EEM Nº 206,Buenos Aires,Pehuajó,6
EEM Nº 212,Santa Fe,Teodelina,1
EEM Nº 228,Santa Fe,Maggiolo,1
"EEM Nº 241 ""J. F. Kennedy""",Santa Fe,Pujato,2
EEM Nº 3,Buenos Aires,Carlos Casares,2
EEM Nº 415,Santa Fe,Arroyo Seco,3
"EEM Nº 415 ""Juan Bautista Alberdi""",Santa Fe,Arroyo Seco,1
"EEM Nº 421 ""Dr. Pablo Tiscornia""",Santa Fe,Firmat,1
EEM Nº 424,Santa Fe,Las Parejas,2
"EEM Nº 429 ""Mario R. Vecchioli""",Santa Fe,Rafaela,1
EEM Nº 446,Santa Fe,Venado Tuerto,1
"EEM Nº 6 ""Homero Manzi""",Buenos Aires,Florencio Varela,1
"EEMP Nº 8090 ""San Agustín""",Santa Fe,Carlos Pellegrini,1
EEMPI 8006 San José\,Santa Fe,Esperanza,1
EEMPI 8090 San Agustín,Santa Fe,Carlos Pellegrini,1
EEMPI 8107 San José,Santa Fe,Sunchales,2
EEMPI Juan XXIII Nº 8173,Santa Fe,Cafferata,1
EEMPI Nro 8019 Sagrado Corazón,Santa Fe,Venado Tuerto,1
EEMPI Nro 8143 José M. Estrada,Santa Fe,María Juana,1
EEMPI Nº 3002 Fray Justo Santa María de Oro,Santa Fe,Zenón Pereyra,1
EEMPI Nº 3007,Santa Fe,Arroyo Seco,1
"EEMPI Nº 8090 ""San Agustín""",Santa Fe,Carlos Pellegrini,2
"EEMPI Nº 8103 ""José Manuel Estrada""",Santa Fe,Piamonte,1
"EEMPI Nº 8107 ""San José""",Santa Fe,Sunchales,2
EEMPI Nº 8107 San José,Santa Fe,Sunchales,1
EEMPI Nº 8129 José Razzetto,Santa Fe,Cañada de Gómez,1
"EEMPI Nº 8138 ""Justo José de Urquiza""",Santa Fe,San Martín de las Escobas,1
"EEMPI Nº 8173 ""Juan XXIII""",Santa Fe,Cafferata,1
EES 35,Buenos Aires,Castelar,1
EES N° 3,Buenos Aires,Bragado,2
EES N° 4,Buenos Aires,Bragado,2
EES Nº 1,Buenos Aires,San Andrés de Giles,2
EES Nº 1,Buenos Aires,Tornquist,1
EES Nº 10,Buenos Aires,Olavarría,2
EES Nº 2,Buenos Aires,Colón,1
EES Nº 2,Buenos Aires,Coronel Granada,2
EES Nº 2,Buenos Aires,Daireaux,4
EES Nº 3,Buenos Aires,Huanguelen,1
EES Nº 3,Buenos Aires,Tornquist,2
"EES Nº 5 ""Domingo Faustino Sarmiento""",Chaco,Las Breñas,2
EES Nº 7,Buenos Aires,Gobernador Udaondo,2
EES Nº 7,Buenos Aires,Las Toninas,1
EES Nº 76 Colegio Nacional José María Paz,Chaco,Resistencia,1
EES Nº 9,Buenos Aires,Junín,2
"EESO Nº 215 ""José Manuel Estrada""",Santa Fe,Bigand,2
EESO Nº 244,Santa Fe,María Teresa,2
"EESO Nº 413 ""Jorge Newbery""",Santa Fe,Álvarez,2
"EESO Nº 415 ""J. B. Alberdi""",Santa Fe,Arroyo Seco,2
"EESOPI 3002 ""Fray Justo Santa María de Oro""",Santa Fe,Zenón Pereyra,2
"EESOPI 8090 ""San Agustín""",Santa Fe,Carlos Pellegrini,2
"EESOPI N° 8084 ""Mariano Moreno""",Santa Fe,Cañada Rosquín,2
"EESOPI N° 8091 ""José Manuel Estrada""",Santa Fe,Suardi,4
"EESOPI Nº 3004 ""San José""",Santa Fe,Villa Cañás,2
"EESOPI Nº 8091 ""José Manuel Estrada""",Santa Fe,Suardi,2
"EESOPI Nº 8107 ""San José""",Santa Fe,Sunchales,2
"EESOPI Nº 8114 ""Santísima Virgen Niña""",Santa Fe,Villa Ocampo,2
"EEST N° 1 ""República del Paraguay""",Buenos Aires,Ituzaingó,2
EEST N° 7,Buenos Aires,Quilmes,2
EEST Nº 1,Buenos Aires,Chacabuco,1
EEST Nº 1,Buenos Aires,Coronel Suárez,2
EEST Nº 1,Buenos Aires,Marcos Paz,2
EEST Nº 1,Buenos Aires,Villa Ramallo,1
"EEST Nº 1 ""Bonifacio Velázquez""",Buenos Aires,Villa Ramallo,10
"EEST Nº 2 ""Paula Albarracín de Sarmiento""",Buenos Aires,Quilmes,1
EEST Nº 6,Buenos Aires,San Nicolás,3
"EEST Nº 6 ""Albert Thomas""",Buenos Aires,La Plata,2
EEST Nº 8,Buenos Aires,Castelar,2
EEST Nº 8 de Morón,Buenos Aires,Castelar,1
EET 460 Guillermo Lehmann,Santa Fe,Rafaela,2
EET Nro 1 Brig. Gral Pascual Echagüe,Entre Ríos,Concordia,1
EET Nro 3,Buenos Aires,"Maquinista Francisco Savio, Pdo. De Escobar",1
EET Nro 3 DE Nro 9 María Sanchez de Thompson,Ciudad Autónoma de Buenos Aires,Capital Federal,1
EET Nro 6 Chacabuco,Buenos Aires,Morón,1
EET Nro 7 TRQ (IMPA),Buenos Aires,Quilmes,1
EET Nro 8,Buenos Aires,Morón,2
EET Nro 9,Buenos Aires,Lanús,1
EET Nro 9,Buenos Aires,Temperley,1
"EET N° 1 ""Escolástico Zegada""",Jujuy,San Salvador de Jujuy,2
"EET N° 22 ""Tte. Benjamín Matienzo""",Chaco,Presidencia Roque Sáenz Peña,6
"EET N° 6 ""Chacabuco""",Buenos Aires,"Villa Tesei, Hurlingham",2
EET Nº 1,Buenos Aires,Ayacucho,1
EET Nº 1,Buenos Aires,Coronel Suárez,1
EET Nº 1,Buenos Aires,Lobos,1
EET Nº 1,Buenos Aires,Merlo,2
EET Nº 1,Buenos Aires,Pehuajó,1
EET Nº 1,Buenos Aires,Pigüé,2
EET Nº 1,Buenos Aires,Santa Teresita,1
"EET Nº 1 ""Bonifacio Velázquez""",Buenos Aires,Villa Ramallo,1
"EET Nº 1 ""Brig. Gral. Pascual Echagüe""",Entre Ríos,Concordia,3
"EET Nº 1 ""Escolástico Zegada""",Jujuy,Dr Manuel Belgrano,2
"EET Nº 1 ""Espada""",Entre Ríos,La Paz,2
"EET Nº 1 ""Gral. Manuel Savio""",Buenos Aires,Navarro,1
"EET Nº 1 ""Mariano Moreno""",Buenos Aires,Chivilcoy,1
"EET Nº 1 ""Mariano Moreno""",Buenos Aires,Norberto de la Riestra,1
EET Nº 1 de Ituzaingó,Buenos Aires,Castelar,4
EET Nº 2,Buenos Aires,Bernal,3
EET Nº 2,Buenos Aires,Quilmes,3
EET Nº 2,Buenos Aires,Villa Domínico,1
"EET Nº 2 ""Pbro. José María Colombo""",Entre Ríos,Gualeguaychú,1
EET Nº 24 DE 17,Ciudad Autónoma de Buenos Aires,C. A. de Buenos Aires,3
EET Nº 275,Santa Fe,Alcorta,1
"EET Nº 275 ""Almirante Brown""",Santa Fe,Alcorta,1
EET Nº 275 Almirante Brown,Santa Fe,Alcorta,1
EET Nº 290,Santa Fe,Las Parejas,3
EET Nº 3,Buenos Aires,Berazategui,1
EET Nº 3,Entre Ríos,Paraná,2
"EET Nº 3 ""Tte. Luis C. Candelaria""",Entre Ríos,Paraná,1
EET Nº 3141,Salta,Vaqueros,1
EET Nº 3153,Salta,Gral Ballivian,2
EET Nº 33,Chaco,Resistencia,2
EET Nº 34,Entre Ríos,María Grande,1
"EET Nº 34 ""Gral. Enrique Mosconi""",Entre Ríos,María Grande,2
"EET Nº 449 ""Pago de los Arroyos""",Santa Fe,Acébal,1
EET Nº 455,Santa Fe,Esperanza,7
"EET Nº 455 ""Gral Don José de San Martín""",Santa Fe,Esperanza,1
EET Nº 460,Santa Fe,Rafaela,2
"EET Nº 460 ""Guillermo Lehmann""",Santa Fe,Rafaela,6
"EET Nº 469 ""Estanislao Zeballos""",Santa Fe,Alvear,1
"EET Nº 469 ""Estanislao Zeballos""",Santa Fe,Rosario,2
"EET Nº 5138 ""Alberto Einstein""",Salta,Salta,1
EET Nº 6,Buenos Aires,Ituzaingó,1
EET Nº 6,Buenos Aires,Moreno,1
EET Nº 6,Buenos Aires,San Nicolás,4
EET Nº 7 TRQ (IMPA),Buenos Aires,Quilmes,2
EET Nº 8,Buenos Aires,Morón,4
EET Nº 8,Buenos Aires,Ramos Mejía,2
"EET Nº 8 ""Juan Bautista Alberdi""",Buenos Aires,La Plata,6
EET Nº 9,Buenos Aires,Lanús,1
EET Nº 9,Buenos Aires,Lanús Oeste,1
EET San Pablo Nº 2073,Santa Fe,Villa Constitución,4
EETP Guillermo Lehmann Nº 460,Santa Fe,Rafaela,2
EETP N° 484,Santa Fe,Villa Cañás,2
EETP Nº 292,Santa Fe,San Vicente,4
"EETP Nº 454 ""Dr. Manuel Araujo""",Santa Fe,Empalme Villa Constitución,2
"EETP Nº 455 ""Gral Don José de San Martín""",Santa Fe,Esperanza,6
EETP Nº 460,Santa Fe,Rafaela,2
EETPI Nº 8211 - Espín,Santa Fe,Margarita,1
EGB Nº 10,Santa Cruz,Río Gallegos,1
EGB Nº 35,Santa Cruz,Pico Truncado,1
EGB Nº 78,Santa Cruz,Rio Gallegos,1
EGB Nº 78,Santa Cruz,Río Gallegos,1
"EICO Nº 1 ""Gral. Enrique Mosconi""",Santa Cruz,Caleta Olivia,1
EMEM Nro 7 DE 9,Ciudad Autónoma de Buenos Aires,Ciudad de Buenos Aires,1
EMEM Nº 1,Buenos Aires,San Clemente del Tuyú,1
EMEMOA Nº 1,Buenos Aires,San Clemente del Tuyú,3
EMUNS,Buenos Aires,Bahía Blanca,1
ENET Nº 1,Jujuy,Aguas Calientes,1
ENET Nº 1,Jujuy,Perico,1
ENOVA,Entre Ríos,Gualeguaychú,4
"ENS Nº 1 ""Presidente Roque Sáenz Peña""",Ciudad Autónoma de Buenos Aires,C. A. de Buenos Aires,1
ENS Nº 13,Misiones,San Vicente,1
ENS Nº 76,Chaco,Resistencia,1
"ENS Nº 76 ""Gral. José María Paz""",Chaco,Puerto Tirol,1
"ENS Nº 76 ""Gral. José María Paz""",Chaco,Resistencia,4
ENS Nº 76 Colegio Nacional José María Paz,Chaco,Puerto Tirol,1
ENS Nº 76 José María Paz,Chaco,Resistencia,1
ENS Vicente Fatone,Buenos Aires,Bahía Blanca,1
ENSUA,Buenos Aires,Ayacucho,1
"EPES Nº 51 ""José Gervasio Artigas""",Formosa,Formosa,2
EPES Nº 54,Formosa,Formosa,3
"EPES Nº 54 ""Gobernador Juan José Silva""",Formosa,Formosa,1
EPET 14,Neuquén,Neuquén,1
EPET 21,Neuquén,San Martín de los Andes,1
EPET Nro 12,Neuquén,San Martín de los Andes,1
EPET Nº 1,La Pampa,Santa Rosa,1
EPET Nº 1,Misiones,Posadas,1
EPET Nº 12,Neuquén,San Martín de los Andes,7
EPET Nº 14,Neuquén,Neuquén,2
EPET Nº 18,Misiones,Puerto Esperanza,2
EPET Nº 2,La Rioja,La Rioja,1
EPET Nº 2,Misiones,Posadas,1
EPET Nº 6,La Pampa,Realicó,2
EPET Nº 6,Misiones,Eldorado,2
EPNMYS Nº 35 Téc. Gral. Don José de San Martín,Entre Ríos,Crespo,1
EPNMYS Nº 35 Técnica Gral. Don José de San Martín,Entre Ríos,Crespo,1
ES Nº 1,Buenos Aires,Bolívar,1
ESB Nº 1,Buenos Aires,Chivilcoy,1
ESB Nº 1,Buenos Aires,General Villegas,1
ESB Nº 1,Buenos Aires,Lanús Este,1
ESB Nº 1,Buenos Aires,Rivadavia,1
ESB Nº 1,Buenos Aires,Tornquist,1
ESB Nº 17,Buenos Aires,Pergamino,1
ESB Nº 2,Buenos Aires,Carlos Casares,1
ESB Nº 3,Buenos Aires,Coronel Suárez,1
ESB Nº 331,Buenos Aires,José C Paz,1
ESB Nº 35,Buenos Aires,Castelar,1
ESB Nº 4,Buenos Aires,Colón,2
ESB Nº 4,Buenos Aires,La Plata,1
ESB Nº 7,Buenos Aires,Zárate,1
ESCBA,Córdoba,Leones,6
"ESET Nº 2 ""Paula Albarracín de Sarmiento""",Buenos Aires,Quilmes,1
"ET Nº 23 ""Casal Calviño""",Ciudad Autónoma de Buenos Aires,C. A. de Buenos Aires,2
"ET Nº 23 DE 13 ""Caral Calviño""",Ciudad Autónoma de Buenos Aires,C. A. de Buenos Aires,1
"ET Nº 27 DE 18 ""Hipólito Yrigoyen""",Ciudad Autónoma de Buenos Aires,C. A. de Buenos Aires,1
ET Nº 28,Ciudad Autónoma de Buenos Aires,C. A. de Buenos Aires,1
ETARS,Buenos Aires,La Plata,2
ETIEC Nº 9-003,Mendoza,Maipú,2
Eccleston,Buenos Aires,Avellaneda,2
Eccleston,Buenos Aires,Lanús,3
Ecos,Ciudad Autónoma de Buenos Aires,C. A. de Buenos Aires,4
Ecos escuela Secundaria,Ciudad Autónoma de Buenos Aires,C.A. De Buenos Aires,1
Eduardo L. Holmberg,Buenos Aires,Hudson,4
Eduardo L. Holmberg,Buenos Aires,Quilmes,10
Educación Técnica Fundación Fangio,Buenos Aires,Cañuelas,2
Educación Técnica Fundación Fangio,Buenos Aires,González Catán,2
Educación Técnica Fundación Fangio,Buenos Aires,Isidro Casanova,2
Educación Técnica Fundación Fangio,Buenos Aires,La Matanza,2
Eem Colegio Sagrado Corazón,Buenos Aires,Coronel Pringles,1
El Buen Ayre,Buenos Aires,Don Torcuato,1
El Buen Ayre,Buenos Aires,San Isidro,3
El Obraje,Córdoba,Alta Gracia,4
El Torreón,Córdoba,Villa Allende,2
El Torreón,Córdoba,Villa Allende Parque,2
Emaus,Buenos Aires,Ituzaingó,2
Emilio Civit,Mendoza,Maipú,3
Enseñanza Media Profesor Luis Ravera Nº 269,Santa Fe,Villa Mugueta,1
Esc. Evangelista Dr. F. J. Hotton,Buenos Aires,Zárate,1
Esc. General Belgrano,Buenos Aires,Escobar,1
Esc. Municipal Paula Albarracín de Sarmiento,Buenos Aires,José León Suárez,1
"Esc. Nº 17 ""Gral. Martín Miguel de Güemes""",Entre Ríos,Concordia,2
Esc. PHILIPS,Ciudad Autónoma de Buenos Aires,C. A. de Buenos Aires,1
"Esc. de Comercio Nº 2 ""Gral. Martín Miguel de Güemes""",Entre Ríos,Concordia,3
"Esc. de Comercio Nº 5091 ""Julio Cortez""",Salta,Orán,1
Escuela Agropecuaria,Ciudad Autónoma de Buenos Aires,C. A. de Buenos Aires,2
Escuela Agrotécnica,Buenos Aires,Coronel Pringles,1
Escuela Argentina Modelo,Ciudad Autónoma de Buenos Aires,C. A. de Buenos Aires,5
Escuela Argentina Modelo,Ciudad Autónoma de Buenos Aires,Capital Federal,1
Escuela Cooperativa Los Andes,Río Negro,Bariloche,1
"Escuela Cooperativa Técnica ""Los Andes""",Río Negro,Bariloche,5
"Escuela Danesa ""Alta Mira""",Buenos Aires,Necochea,1
Escuela Domingo Savio,Río Negro,General Roca,1
Escuela ENS Nº 76,Chaco,Resistencia,1
Escuela Evangélica Dr. F. Jorge Hotton,Buenos Aires,Zárate,1
Escuela Incorporada Mariano Moreno,Buenos Aires,Grand Bourg,1
Escuela Industrial Nro 4 José Menéndez,Santa Cruz,Río Gallegos,1
Escuela Industrial Nº 2,Santa Cruz,Pico Truncado,2
Escuela Industrial Nº 4,Santa Cruz,Río Gallegos,3
Escuela Industrial Superior,Santa Fe,Rincón,1
Escuela Industrial Superior,Santa Fe,Santa Fe,5
Escuela Industrial Superior,Santa Fe,Santa Fe Capital,1
Escuela Integral Argentina Hebreo Independencia,Tucumán,San Miguel de Tucumán,1
Escuela Italiana,Buenos Aires,La Plata,2
Escuela Modelo Argentina,Buenos Aires,Necochea,2
Escuela Modelo Proyecto XXI,Buenos Aires,La Matanza,2
"Escuela Municipal ""Paula A. De Sarmiento""",Buenos Aires,Villa Adelina,1
Escuela Municipal Paula Albarracín de Sarmiento,Buenos Aires,Olivos,1
Escuela Municipal de Enseñanza Media Nº 1,Buenos Aires,San Clemente del Tuyú,1
"Escuela Nacional ""Adolfo Pérez Esquivel""",Buenos Aires,Olavarría,3
"Escuela Nacional ""Dr. Ernesto Sábato""",Buenos Aires,Tandil,1
Escuela Nacional Ernesto Sábato,Buenos Aires,Tandil,2
"Escuela Normal ""Manuel Florencio Mantilla""",Corrientes,Mercedes,1
"Escuela Normal ""Rafael Obligado""",Buenos Aires,San Nicolás,1
Escuela Normal Juan B. Alberdi,Tucumán,San Miguel de Tucumán,1
Escuela Normal Mixta Juan Pascual Pringles,San Luis,San Luis Capital,1
Escuela Normal Nº 4 Estanislao Zeballos,Ciudad Autónoma de Buenos Aires,Cdad de Buenos Aires,1
Escuela Normal Superior,Buenos Aires,Bragado,1
"Escuela Normal Superior ""Domingo A. Teruggi"" EEM Nº 2",Buenos Aires,Lobería,1
"Escuela Normal Superior ""Domingo F. Sarmiento""",Buenos Aires,San Miguel,1
"Escuela Normal Superior ""Dr. Alejandro Corbo""",Córdoba,Córdoba,1
"Escuela Normal Superior ""Justo José de Urquiza""",Buenos Aires,Mercedes,1
Escuela Normal Superior Nro 13 Ismael Quiles,Misiones,San Vicente,1
Escuela Normal Superior Nro 40 Mariano Moreno,Santa Fe,San Cristóbal,1
Escuela Normal Superior Nro 8 Julio A. Roca,Ciudad Autónoma de Buenos Aires,Ciudad de Buenos Aires,1
Escuela Normal Superior de Alta Gracia,Córdoba,Alta Gracia,1
Escuela Nro 8180 Sagrada Familia,Santa Fe,Casilda,1
Escuela Privada Ranelagh,Buenos Aires,Ranelagh,2
Escuela Privada Ranelagh,Buenos Aires,Villa Elisa,1
Escuela San Patricio,Santa Fe,Rosario,1
Escuela Secundaria Básica Nº 7,Buenos Aires,Pehuajó,1
Escuela Secundaria Nº 2,Buenos Aires,Coronel Dorrego,1
Escuela Secundaria Nº 4,Buenos Aires,General Pinto,1
Escuela Secundaria Nº 41,Entre Ríos,Cerrito,1
Escuela Secundaria Nº 8,Entre Ríos,Villaguay,1
Escuela Secundaria Nº 9,Entre Ríos,Lucas González,1
Escuela Secundaria Orientada,Santa Fe,Rafaela,1
Escuela Superior de Comercio,Buenos Aires,Bahía Blanca,1
"Escuela Superior de Comercio ""Manuel Belgrano""",Córdoba,Córdoba,3
"Escuela Superior de Comercio ""Prudencio Cornejo""",Buenos Aires,Bahía Blanca,5
Escuela Superior de Comercio Carlos Pellegrini,Buenos Aires,Avellaneda,1
Escuela Superior de Comercio Carlos Pellegrini,Buenos Aires,Cañuelas,1
Escuela Superior de Comercio Carlos Pellegrini,Buenos Aires,Hurlingham,2
Escuela Superior de Comercio Carlos Pellegrini,Buenos Aires,Juan María Gutiérrez,2
Escuela Superior de Comercio Carlos Pellegrini,Buenos Aires,Wilde,1
Escuela Superior de Comercio Carlos Pellegrini,Ciudad Autónoma de Buenos Aires,C. A. de Buenos Aires,54
Escuela Superior de Comercio Carlos Pellegrini,Ciudad Autónoma de Buenos Aires,CABA,2
Escuela Superior de Comercio Carlos Pellegrini,Ciudad Autónoma de Buenos Aires,Capital Federal,2
Escuela Superior de Comercio Manuel Belgrano,Córdoba,Córdoba,3
Escuela Superior de Comercio Nº 6,Misiones,Posadas,3
Escuela Superior de Comercio UNS,Buenos Aires,Bahía Blanca,1
Escuela Técnica Ing. Giudici,Buenos Aires,Luis Guillón,1
Escuela Técnica Jorge Newbery - CET Nº 2,Río Negro,San Carlos de Bariloche,1
Escuela Técnica Nº 23 DE 13,Ciudad Autónoma de Buenos Aires,C. A. de Buenos Aires,1
Escuela Técnica ORT II,Ciudad Autónoma de Buenos Aires,Capital Federal,1
Escuela Técnica Roberto Rocca,Buenos Aires,Campana,4
"Escuela de Comercio ""José Gervasio Artigas""",Formosa,Formosa,3
Escuela de Comercio 5091 Prof. Julio Cortéz,Salta,Orán,1
Escuela de Comercio Martín Zapata,Mendoza,Las Heras,1
Escuela de Comercio Nro 2 Martín M. de Güemes,Entre Ríos,Concordia,1
Escuela de Comercio Nº 1,Tucumán,San Miguel de Tucumán,2
Escuela de Comercio Nº 2,Jujuy,"La Toma, San Antonio",1
"Escuela de Educación Agropecuaria Nº 1 ""Perito Moreno""",Buenos Aires,Ayacucho,1
Escuela de Educación Tecnológica Nº 1,Entre Ríos,Nogoyá,2
Escuela de Educación Técnica Fundación Fangio,Buenos Aires,Cañuelas,1
Escuela de Educación Técnica Fundación Fangio,Buenos Aires,Virrey del Pino,1
Escuela de Educación Técnica Fundación Fangio,Buenos Aires,"Virrey del Pino, La Matanza",1
"Escuela de Minas ""Dr. Horacio Carrillo""",Jujuy,Palpalá,2
"Escuela de Minas ""Dr. Horacio Carrillo""",Jujuy,San Salvador de Jujuy,13
Escuela de Minas Dr. Horacio Carrillo,Jujuy,Dr. Manuel Belgrano,1
Escuela de la Plaza,Santa Fe,Rafaela,1
Escuela de los Padres,Santa Fe,Venado Tuerto,4
Escuela del Alba,Buenos Aires,Lincoln,2
Escuela del Caminante,Ciudad Autónoma de Buenos Aires,C. A. de Buenos Aires,4
Escuela del Caminante,Ciudad Autónoma de Buenos Aires,CABA,1
Escuela del Magisterio,Mendoza,Mendoza,2
Escuelas Pías,Córdoba,Río Cuarto,3
Escuelas Técnica Raggio,Ciudad Autónoma de Buenos Aires,Cdad de Buenos Aires,1
Escuelas Técnicas Raggio,Buenos Aires,Benavídez,2
Escuelas Técnicas Raggio,Buenos Aires,Munro,4
Escuelas Técnicas Raggio,Buenos Aires,Sáenz Peña,4
Escuelas Técnicas Raggio,Buenos Aires,Vicente López,3
Escuelas Técnicas Raggio,Buenos Aires,"Villa Martelli, Vicente López",1
Escuelas Técnicas Raggio,Ciudad Autónoma de Buenos Aires,C. A. de Buenos Aires,4
Escuelas Técnicas Raggio,Ciudad Autónoma de Buenos Aires,Cdad de Buenos Aires,1
Espiritu Santo,Ciudad Autónoma de Buenos Aires,Ciudad de Buenos Aires,1
Espíritu Santo,Ciudad Autónoma de Buenos Aires,C. A. de Buenos Aires,6
Establecimiento Educativo Argentino,Buenos Aires,Adrogué,2
Estación Limay,Río Negro,Cipolletti,1
Estrada,Salta,Salta,1
Euskal-Echea,Buenos Aires,Luis Guillon,2
Euskal-Echea,Buenos Aires,Luis Guillón,3
Euskal-Echea,Buenos Aires,Temperley,1
Ezequiel Martínez Estrada,Buenos Aires,Bahía Blanca,5
FASTA,Neuquén,San Martín de los Andes,1
FASTA Miguel Ángel Tobares,Neuquén,San Martín de los Andes,2
FASTA San Vicente de Paul,Buenos Aires,General Pueyrredón,1
FASTA San Vicente de Paul,Buenos Aires,Mar del Plata,8
FASTA San Vicente de Paul,Ciudad Autónoma de Buenos Aires,C. A. de Buenos Aires,3
FASTA Ángel María Boisdrom,Tucumán,Yerba Buena,1
FASTA Ángel María Boisdron,Tucumán,Yerba Buena,1
Federico Brandsen,Buenos Aires,Brandsen,2
Florence Nightingale School,Buenos Aires,San Isidro,1
Florentino Ameghino,Buenos Aires,Berazategui,1
Florida Day School,Buenos Aires,Martínez,3
Florida Day School,Buenos Aires,Vicente López,1
Francisco de Asís,Buenos Aires,Mariano Acosta,2
Francisco de Asís,Buenos Aires,Merlo,1
Gabriela Mistral,La Rioja,La Rioja,1
Gobernador Juan José Silva,Formosa,Formosa,2
Goethe,Buenos Aires,Boulogne,2
Goethe,Buenos Aires,Victoria,2
Goethe,Santa Fe,Rosario,2
Goethe Schule,Buenos Aires,Polvorines,1
HHMM,Buenos Aires,Luján,2
Henry Ford,Buenos Aires,Escobar,2
Henry Ford,Buenos Aires,Pacheco,2
Henry Ford,Buenos Aires,Tigre,2
Hermanas Esclavas,Tucumán,San Miguel de Tucumán,1
Hermanos Maristas,Córdoba,San Francisco,2
Hogar Belgrano,Buenos Aires,Junín,2
Holmberg,Buenos Aires,Quilmes,1
Holy Cross,Buenos Aires,Beccar,1
Holy Cross,Buenos Aires,Rincón de Milberg,2
Holy Cross,Buenos Aires,Tigre,1
Holy Mary of Northern Hills,Buenos Aires,Mar del Plata,1
Holy Trinity College,Buenos Aires,Mar del Plata,2
Huergo,Ciudad Autónoma de Buenos Aires,CABA,1
Huerto,Buenos Aires,Pergamino,1
Héroes de la Patria,La Pampa,Ingeniero Luiggi,2
Hölters Schule,Buenos Aires,Villa Adelina,1
Hölters Schule,Buenos Aires,Villa Ballester,1
I.M.E.I.,Buenos Aires,San Miguel del Monte,1
"I.S.P.I. Nº 9054 ""Santa Teresita del Niño Jesús""",Santa Fe,Hersilia,1
I.V.C.,Tucumán,Concepción,1
"IAM ""Elvira Lainez de Soldati""",Buenos Aires,Monte,1
ICADE,Buenos Aires,Pergamino,4
ICEA,Buenos Aires,San Martín,1
ICEA,Buenos Aires,Vedia,1
ICES,Santa Fe,Sunchales,2
IEM,Salta,Salta,1
IESS,Córdoba,Villa Carlos Paz,5
IFD Nº 6 Santa Genoveva,Neuquén,Neuquén,2
ILMB,Entre Ríos,Gualeguaychú,2
ILSE,Buenos Aires,Vicente López,2
ILSE,Ciudad Autónoma de Buenos Aires,C. A. de Buenos Aires,29
ILSE,Ciudad Autónoma de Buenos Aires,CABA,2
IMB Michelangelo,Entre Ríos,Paraná,1
IMEI,Buenos Aires,Cañuelas,5
IMEI,Mendoza,Maipú,3
IMI,Buenos Aires,General Villegas,1
IMI,Buenos Aires,Gral. Villegas,1
INAC - CIATA,Buenos Aires,Merlo,1
INSI,Misiones,Capioví,2
INST. DE ENSEÑANZA SAN JORGE,Santiago del Estero,Santiago del Estero,1
IPAA P-42,La Pampa,Arata,1
"IPCM 89 ""Paula Albarracín""",Córdoba,Devoto,2
IPEI,Santa Cruz,Río Gallegos,1
"IPEI ""Leonardo da Vinci""",Santa Fe,Santa Fe,2
IPEI Leonardo da Vinci,Santa Fe,Santa Fe,2
"IPEM 156 ""José Manuel Estrada""",Córdoba,Río Segundo,1
"IPEM 267 ""Antonio Graziano""",Córdoba,Bell Ville,1
"IPEM 272 ""Domingo Faustino Sarmiento""",Córdoba,Jesús María,3
IPEM 277,Córdoba,Marcos Juárez,1
"IPEM 66 ""José A. Balseiro""",Córdoba,Córdoba,1
IPEM 69 Juana Manso de Noronha,Córdoba,Colonia Caroya,1
"IPEM Nº 148 ""José María Paz""",Córdoba,Villa del Rosario,4
"IPEM Nº 292 ""Agrónoma Liliam Priotto""",Córdoba,Adelia María,1
IPEM Nº 299,Córdoba,Almafuerte,1
IPEM Nº 80,Córdoba,Berrotarán,3
"IPEM Nº 89 ""Paula Albarracín""",Córdoba,Devoto,1
"IPET 267 ""A. Graziano""",Córdoba,Bell Ville,2
"IPET 89 ""Paula Albarracín""",Córdoba,Devoto,4
"IPETyM Nº 69 ""Juana Manso de Noronha""",Córdoba,Jesús María,1
"IPGP D-176 ""Madre de Jesús""",Entre Ríos,General Ramírez,1
IPMLK,Córdoba,Isla Verde,1
IPP José Hernández,Córdoba,General Roca,1
IPS,Santa Fe,Rosario,2
ISADAM,Buenos Aires,Necochea,1
ISAM,Misiones,Posadas,1
ISEAM Domingo Zipoli,Córdoba,Córdoba,4
ISEP,Mendoza,"Carrodilla, Luján de Cuyo",1
ISEP,Mendoza,Godoy Cruz,4
ISIV,Corrientes,Ituzaingó,1
ISLGSM,Córdoba,Ucacha,2
ISPI 9054 Sta. Teresita del Niño Jesús,Santa Fe,Hersilia,4
ISPI 9088 (IVM),Santa Fe,Firmat,2
ISPI Nº 9054 Colegio Santa Teresita del Niño Jesús,Santa Fe,Hersilia,1
ISPM,Buenos Aires,Pérez Millán,1
ITC,Neuquén,Neuquén,3
"ITI ""San Judas Tadeo""",Buenos Aires,Castelar,1
"ITI ""San Judas Tadeo""",Buenos Aires,Ituzaingó,2
"ITI ""San Judas Tadeo""",Buenos Aires,Paso del Rey,3
"ITI ""San Judas Tadeo""",Buenos Aires,San Antonio de Padua,1
Illia,Buenos Aires,Mar del Plata,1
"Industrial ""D. F. Sarmiento""",San Juan,Rawson,2
"Industrial ""D. F. Sarmiento""",San Juan,San Juan,1
"Industrial ""Domingo Faustino Sarmiento""",San Juan,Rawson,2
Industrial D. F. Sarmiento,San Juan,San Juan,1
Industrial Nº 2,Santa Cruz,Pico Truncado,2
Industrial Superior,Santa Fe,Colastiné,2
Industrial Superior,Santa Fe,Nelson,1
Industrial Superior,Santa Fe,Santa Fe,26
Industrial Superior,Santa Fe,Santo Tomé,3
Informático,Corrientes,Santa Ana,1
Ing Pablo Nogués,Mendoza,Guaymallén,2
Inmaculada,Buenos Aires,Bahía Blanca,1
Inmaculada,Buenos Aires,Castelar,3
Inmaculada,Buenos Aires,Ituzaingó,5
Inmaculada,Buenos Aires,Morón,2
Inmaculada Concepción,Buenos Aires,Longchamps,2
Inmaculada Concepción,Buenos Aires,Moreno,2
Inmaculada Concepción,Buenos Aires,Paso del Rey,4
Inmaculada Concepción,Buenos Aires,Rauch,2
Inmaculada Concepción,Tucumán,San Miguel de Tucumán,1
Insituto José Manuel Estrada,Córdoba,Cavanagh,1
Insituto San Alberto,Buenos Aires,Mar del Plata,1
Inst. Gral. Manuel Belgrano,Córdoba,Córdoba,1
Inst. Politecnico Superior,Santa Fe,Rosario,1
Inst. Politecnico Superior Gral San Martín,Santa Fe,Rosario,1
Inst. de Enseñanza Agropecuaria y Electromecánica Nro 3,Misiones,25 de Mayo,1
"Instituto ""Gral José de San Martín""",Entre Ríos,Gral Galarza,2
"Instituto ""José Manuel Estrada""",Buenos Aires,Zárate,3
"Instituto ""Nuestra Señora del Carmen""",Corrientes,Bella Vista,1
"Instituto ""Sagrada Familia""",Misiones,Puerto Iguazú,1
Instituto Adscripto San Buenaventura,Córdoba,Río Cuarto,1
Instituto Adventista Balcarce,Buenos Aires,Balcarce,2
Instituto Adventista del Plata,Entre Ríos,Libertador San Martín,7
Instituto Agrotécnico Alpachiri,La Pampa,Alpachiri,2
Instituto Agustiniano,Buenos Aires,San Andrés,1
Instituto Agustiniano,Buenos Aires,San Martín,1
Instituto Albert Einstein,Buenos Aires,Mar del Plata,6
Instituto Amanecer,Ciudad Autónoma de Buenos Aires,C. A. de Buenos Aires,2
Instituto América,Buenos Aires,América (Rivadavia),1
Instituto Austral de Enseñanza,Chubut,Comodoro Rivadavia,1
Instituto Ballester,Buenos Aires,Florida,2
Instituto Ballester,Buenos Aires,Loma Hermosa,1
Instituto Ballester,Buenos Aires,San Martín,1
Instituto Ballester,Buenos Aires,Villa Adelina,1
Instituto Ballester,Buenos Aires,Villa Ballester,14
Instituto Ballester,Ciudad Autónoma de Buenos Aires,C. A. de Buenos Aires,2
Instituto Bede,Buenos Aires,Pilar,1
Instituto Belén Nº 8132,Santa Fe,Ceres,1
Instituto Canossiano,Misiones,Jardín América,1
"Instituto Canossiano ""Nuestra Señora de la Salud""",Misiones,Jardín América,1
Instituto Carlos Steeb,Ciudad Autónoma de Buenos Aires,C. A. de Buenos Aires,1
Instituto Católico Nuestra Señora del Pilar,Córdoba,Pilar,1
Instituto Comercial Crespo D-33,Entre Ríos,Crespo,3
Instituto Comercial Crespo D.33,Entre Ríos,Crespo,1
Instituto Comercial D-33,Entre Ríos,Crespo,4
Instituto Comercial Virgen Milagrosa,Entre Ríos,Viale,1
Instituto Contardo Ferrini,Córdoba,Río Primero,2
Instituto Corazón de María,Buenos Aires,Chascomús,3
Instituto Cristo Redentor,Entre Ríos,Paraná,1
Instituto D-170 del CAE,Entre Ríos,Paraná,7
Instituto Don Emilio Frey,Río Negro,Bariloche,1
Instituto Don Emilio Frey - Wood ville,Río Negro,San Carlos de Bariloche,1
Instituto Don José de San Martín,Buenos Aires,Bella Vista,1
Instituto Dámasa Z. de Saavedra,Ciudad Autónoma de Buenos Aires,C. A. de Buenos Aires,1
Instituto Eduardo L. Holmberg,Buenos Aires,Quilmes,1
"Instituto Educativo ""Los Lapachos""",Misiones,Puerto Esperanza,1
Instituto El Obraje,Córdoba,Alta Gracia,1
Instituto Fdor Don Francisco de Merlo,Buenos Aires,Merlo,1
Instituto Gabriel D'Annunzio (La Lonja),Buenos Aires,Pilar,1
Instituto General Manuel Belgrano Armenia,Córdoba,Córdoba,2
Instituto Huergo,Buenos Aires,Avellaneda,6
Instituto Huergo,Buenos Aires,Lanús Este,1
Instituto Huergo,Buenos Aires,Lanús Oeste,2
Instituto Huergo,Buenos Aires,Sarandi,1
Instituto Huergo,Ciudad Autónoma de Buenos Aires,C. A. de Buenos Aires,37
Instituto Huergo,Ciudad Autónoma de Buenos Aires,CABA,1
Instituto Humboldt,Buenos Aires,Necochea,2
Instituto Hölters,Buenos Aires,Don Torcuato,1
Instituto Hölters,Buenos Aires,San Martín,1
Instituto Incorporado Isidro Casanova,Buenos Aires,Isidro Casanova,1
Instituto Industrial Luis A. Huergo,Ciudad Autónoma de Buenos Aires,Ciudad de Buenos Aires,1
Instituto Industrial Pablo Tavelli,Buenos Aires,Mar del Plata,2
Instituto Inmaculada,Buenos Aires,Ituzaingó,2
Instituto Integral Católico,Buenos Aires,Chivilcoy,1
Instituto Janssen,Misiones,Posadas,2
Instituto Jesuita Sagrada Familia,Córdoba,Córdoba,1
Instituto Jesús Adolescente,Buenos Aires,Tres Arroyos,1
Instituto José M. Estrada,Buenos Aires,Pacheco,1
Instituto José Manuel Estrada,Buenos Aires,Pellegrini,2
Instituto José María Paz,Córdoba,Devoto,1
Instituto Juan Gutenberg,Buenos Aires,Mar del Plata,3
Instituto La Salle Florida,Buenos Aires,Boulogne,1
Instituto La Salle Florida,Buenos Aires,Martínez,1
Instituto La Salle Florida,Buenos Aires,Olivos,3
Instituto La Salle Florida,Buenos Aires,San Isidro,1
Instituto La Salle Florida,Buenos Aires,Vicente López,1
Instituto La Salle Florida,Buenos Aires,Villa Adelina,3
Instituto Lasalle Florida,Buenos Aires,Villa Adelina,1
Instituto Leonardo Murialdo,Buenos Aires,Ciudad Jardín,1
Instituto Lincoln,Buenos Aires,Hurlingham,2
Instituto Luis A. Huergo,Ciudad Autónoma de Buenos Aires,CABA,1
Instituto Luis A. Huergo,Ciudad Autónoma de Buenos Aires,Cdad de Buenos Aires,1
Instituto Luis María Bettendorff,Entre Ríos,Gualeguaychú,1
Instituto Madero,Buenos Aires,La Tablada,1
Instituto Madero,Buenos Aires,Tablada,1
Instituto Madre del Divino Pastor,Buenos Aires,Pilar,1
Instituto Malvina Seguí de Clavarino,Entre Ríos,Gualeguaychú,2
Instituto Manuel Belgrano,Buenos Aires,Quilmes,1
Instituto Mariano Moreno P.21,La Pampa,Abramo,1
Instituto María Auxiliadora,Neuquén,Neuquén,2
Instituto María Inmaculada,Buenos Aires,General Villegas,2
Instituto María Inmaculada,Buenos Aires,Gral. Villegas,4
Instituto María Madre Nuestra,Buenos Aires,Manuel Alberti,1
Instituto Modelo Almafuerte,Buenos Aires,Merlo,3
Instituto Monseñor César Cáneva,Buenos Aires,Olavarría,2
Instituto Monseñor José Weiman,Santiago del Estero,Bandera,2
Instituto Niño Jesús,Corrientes,Paso de los Libres,3
Instituto Norland,Buenos Aires,Lanús,2
Instituto Norland,Buenos Aires,Lanús Este,1
Instituto Norland,Buenos Aires,Lanús Oeste,1
Instituto Norland de Lanús,Buenos Aires,Banfield,2
Instituto Ntra. Sra. de Luján HH. VV.,Buenos Aires,Luján,1
Instituto Nuestra Señora,Córdoba,Córdoba Capital,1
Instituto Nuestra Señora de Guadalupe,Entre Ríos,Gualeguaychú,1
Instituto Nuestra Señora de la Misericordia,Buenos Aires,Chivilcoy,1
Instituto Nuestra Señora del Carmen,Corrientes,Bella Vista,5
Instituto Nuestra Señora del Huerto,Entre Ríos,Paraná,2
Instituto Nueva Pompeya,Ciudad Autónoma de Buenos Aires,C. A. de Buenos Aires,2
Instituto Padre Ansaldo,Buenos Aires,Mercedes,1
Instituto Padre Gabriel Tommasini,Salta,Salta,1
"Instituto Parroquial ""San José""",Córdoba,Córdoba,2
Instituto Parroquial Gustavo Martínez Zuviría,Córdoba,Las Varillas,1
Instituto Parroquial Monte Cristo,Córdoba,Monte Cristo,4
Instituto Parroquial San Alfonso,Salta,Salta Capital,1
Instituto Parroquial San José,Córdoba,Córdoba,1
Instituto Parroquial San José,Córdoba,Córdoba Capital,1
Instituto Parrroquial San Andrés,Buenos Aires,Miramar,1
Instituto Patagónico Nivel Medio,Río Negro,San Carlos de Bariloche,1
Instituto Politecnico Superior,Santa Fe,Rosario,1
Instituto Politécnico Superior,Santa Fe,Rosario,6
Instituto Politécnico Superior Gral. San Martín,Santa Fe,Cañada de Gómez,3
Instituto Politécnico Superior Gral. San Martín,Santa Fe,Funes,4
Instituto Politécnico Superior Gral. San Martín,Santa Fe,Rosario,114
Instituto Politécnico Superior Gral. San Martín,Santa Fe,Villa Gob. Gálvez,1
Instituto Politécnico Superior Gral. San Martín,Santa Fe,Villa Gobernador Gálvez,1
Instituto Privado El Obraje,Córdoba,Alta Gracia,1
Instituto Salesiano San José,Santa Cruz,Puerto Deseado,2
Instituto San Alberto,Buenos Aires,Mar del Plata,5
Instituto San Alfonso,Buenos Aires,Hurlingham,1
Instituto San Alfonso,Salta,Salta,1
Instituto San Antonio,Córdoba,Villa Nueva,2
Instituto San Diego,Buenos Aires,Wilde,1
Instituto San Francisco de Asís,Buenos Aires,Lanús Oeste,2
Instituto San José,Corrientes,Corrientes,1
Instituto San José Adoratrices,Entre Ríos,Concordia,1
Instituto San José D-48,Entre Ríos,Gualeguay,3
Instituto San José de Flores,Ciudad Autónoma de Buenos Aires,C. A. de Buenos Aires,3
Instituto San José de Flores,Ciudad Autónoma de Buenos Aires,CABA,1
Instituto San Juan Bosco,La Pampa,Victorica,1
Instituto San Juan Nepomuceno,Buenos Aires,Emilio Bunge,1
Instituto San Martín,Corrientes,Goya,3
Instituto San Martín,Entre Ríos,Gral. Galarza,1
Instituto San Vicente Pallotti,Buenos Aires,Castelar,1
Instituto Santa Catalina Labouré,Formosa,Clorinda,2
Instituto Santa Cecilia,Buenos Aires,Mar del Plata,1
Instituto Santa Isabel,Formosa,Formosa,1
Instituto Santa Rosa de Lima,Buenos Aires,José C. Paz,1
Instituto Schiller,Ciudad Autónoma de Buenos Aires,CABA,1
"Instituto Secundario Argentino Danés ""Alta-Mira""",Buenos Aires,Necochea,1
Instituto Secundario Carlos Pellegrini,Córdoba,Río Segundo,1
Instituto Secundario General Levalle,Córdoba,General Levalle,1
Instituto Secundario General San Martín,Córdoba,Córdoba,4
Instituto Secundario Israelita Gral. San Martín,Córdoba,Córdoba,1
Instituto Secundario Pérez Millán,Buenos Aires,Pérez Millán,2
Instituto Secundario San Francisco,Salta,Tartagal,1
Instituto Seminario Nº 8118,Salta,Salta,1
"Instituto Superior ""Jerónimo Luis de Cabrera""",Córdoba,General Cabrera,1
"Instituto Superior del Profesorado ""Gral. José de San    Martín""",Corrientes,Goya,2
"Instituto Superior del Profesorado ""Gral. José de San Martín""",Corrientes,Goya,1
Instituto Sáenz,Buenos Aires,Lomas de Zamora,2
"Instituto Tecnológico ""San Bonifacio""",Buenos Aires,Banfield,1
Instituto Tecnológico Philips Argentina,Buenos Aires,Villa Adelina,1
Instituto Tecnológico Philips Argentina,Ciudad Autónoma de Buenos Aires,C. A. de Buenos Aires,18
Instituto Tecnológico Philips Argentina,Ciudad Autónoma de Buenos Aires,C.A. De Buenos Aires,1
Instituto Tecnológico del Comahue,Neuquén,Centenario,1
Instituto Tecnológico del Comahue,Neuquén,Plottier,1
Instituto Técnico,Tucumán,San Miguel de Tucumán,1
Instituto Técnico,Tucumán,Tafí Viejo,2
Instituto Técnico,Tucumán,Yerba Buena,2
Instituto Técnico San Bonifacio,Buenos Aires,Banfield,1
Instituto Técnico U.N.T.,Tucumán,San Miguel de Tucumán,6
Instituto Técnico UNT,Tucumán,San Miguel de Tucumán,2
Instituto Técnico de Aguilares,Tucumán,Aguilares,1
Instituto Verbo Divino,Buenos Aires,Pilar,2
Instituto Vicente Pallotti,Buenos Aires,Longchamps,1
Instituto Victoria Ocampo,Buenos Aires,Avellaneda,1
Instituto Virgen de la Merced,Santa Fe,Firmat,1
Instituto Vocacional Concepción,Tucumán,Concepción,3
Instituto de Cultura Itálica,Buenos Aires,La Plata,3
Instituto de Educación Integral,Salta,Salta,2
Instituto de Educación Integral de Munro,Buenos Aires,Munro,5
Instituto de Enseñanza Agropecuaria Nº 1,Misiones,Bonpland,2
Instituto de Enseñanza Agropecuaria y Electromecánica Nº 3,Misiones,25 de Mayo,2
Instituto de Enseñanza Secundaria Superior,Córdoba,Villa Carlos Paz,1
Instituto de Vanguardia,Buenos Aires,Lima,3
Instituto de Vanguardia,Buenos Aires,Zárate,4
"Instituto parroquial ""Jesús en el Huerto de los Olivos""",Buenos Aires,La Lucila,1
Integral Católica,Buenos Aires,Chivilcoy,1
Integral Dr. Carlos P. López Piacentini,Chaco,Resistencia,2
Isidro Casanova,Buenos Aires,Isidro Casanova,5
Isidro Casanova,Buenos Aires,San Justo,1
Islands International School,Ciudad Autónoma de Buenos Aires,C. A. de Buenos Aires,6
Italiana,Buenos Aires,La Plata,1
J.I.M,Tucumán,San Miguel de Tucumán,1
JIM,Tucumán,San Miguel de Tucumán,1
Jacarandá,Buenos Aires,Lanús,2
Jacarandá,Buenos Aires,Lanús Este,1
Jacarandá,Buenos Aires,Wilde,1
Jean Mermoz,Ciudad Autónoma de Buenos Aires,C. A. de Buenos Aires,7
Jerónimo Luis de Cabrera,Córdoba,General Cabrera,1
Jesús Adolescente,Buenos Aires,Tres Arroyos,3
Jesús en el Huerto de los Olivos,Buenos Aires,Florida,1
Jesús en el Huerto de los Olivos,Buenos Aires,Martínez,1
Jesús en el Huerto de los Olivos,Buenos Aires,Olivos,2
Jesús en el Huerto de los Olivos,Buenos Aires,Vicente López,1
Jesús en el Huerto de los Olivos,Ciudad Autónoma de Buenos Aires,C. A. de Buenos Aires,1
John F. Kennedy,Entre Ríos,Victoria,1
Jorge Newbery,Río Negro,Bariloche,1
José Hernández,Córdoba,Gral Roca,1
José Hernández,La Pampa,Colonia Barón,1
José Manuel Estrada,Buenos Aires,Capilla del Señor,2
José Manuel Estrada,Buenos Aires,City Bell,4
José Manuel Estrada,Buenos Aires,Coronel Suárez,1
José Manuel Estrada,Buenos Aires,Gonnet,1
José Manuel Estrada,Buenos Aires,Morón,1
José Manuel Estrada,Buenos Aires,Pellegrini,3
José Manuel Estrada,Buenos Aires,Zárate,4
José Manuel Estrada,La Pampa,Gral San Martín,1
José Manuel Estrada,Misiones,Posadas,7
José Manuel Estrada,Salta,Salta,5
José María Paz,Córdoba,Devoto,1
José Mármol,Buenos Aires,Malvinas Argentinas,1
José Razetto,Santa Fe,Cañada de Gómez,1
Juan Gutenberg,Buenos Aires,Mar del Plata,3
Juan Manuel de Rosas,Buenos Aires,Ciudad Evita,2
Juan XXIII,Buenos Aires,Boulogne,3
Juan XXIII,Buenos Aires,Ciudadela,3
Juan XXIII,Buenos Aires,Gral. Pacheco,1
Juan XXIII,Buenos Aires,Ramos Mejía,1
Juan XXIII,Buenos Aires,San Isidro,5
Juan Zorrilla de San Martín,Córdoba,Córdoba,1
Juvenilia,Buenos Aires,Mar del Plata,2
La Asunción de la Virgen,Buenos Aires,Escobar,2
La Asunción de la Virgen,Buenos Aires,Olivos,4
La Asunción de la Virgen,Buenos Aires,Vicente López,2
La Inmaculada,Buenos Aires,Bahía Blanca,4
La Inmaculada,Entre Ríos,Villaguay,4
La Sagrada Familia,Buenos Aires,Daireaux,2
La Salle,Buenos Aires,Florida,3
La Salle,Buenos Aires,Pigüé,2
La Salle - San Martín,Buenos Aires,El Palomar,1
La Salle Argüello,Córdoba,Córdoba,2
La Salle Florida,Buenos Aires,Carapachay,1
La Salle Florida,Buenos Aires,Florida,5
La Salle Florida,Buenos Aires,Martínez,1
La Salle Florida,Buenos Aires,Olivos,7
La Salle Florida,Buenos Aires,Vicente López,4
La Salle Florida,Ciudad Autónoma de Buenos Aires,C. A. de Buenos Aires,1
La Salle Jobson,Santa Fe,Santa Fe,3
La Salle Jobson,Santa Fe,Santo Tomé,3
La Santísima Trinidad,Córdoba,Villa María,6
Labardén,Buenos Aires,Acassuso,2
Labardén,Buenos Aires,Beccar,2
Labardén,Buenos Aires,San Isidro,11
Labardén,Buenos Aires,Victoria,2
Las Calderas,La Pampa,General Pico,1
Lasalle,Buenos Aires,Pigüé,1
Lasalle Florida,Buenos Aires,Martínez,1
Laura Vicuña,Buenos Aires,San Nicolás,1
Leonardo Da Vinci,Buenos Aires,La Plata,2
Leonardo da Vinci,Buenos Aires,Berazategui,1
Leonardo da Vinci,Buenos Aires,Boulogne,1
Leonardo da Vinci,Buenos Aires,La Plata,1
León XIII,Córdoba,Córdoba,3
León XIII,Córdoba,Saldán,1
León XIII,Córdoba,Villa Allende,6
Libertas,Buenos Aires,Olavarría,1
"Liceo 9 ""Santiago Derqui""",Ciudad Autónoma de Buenos Aires,C. A. de Buenos Aires,1
"Liceo Agrícola y Enológico ""Domingo Faustino    Sarmiento""",Mendoza,Godoy Cruz,2
Liceo Franco Argentino,Ciudad Autónoma de Buenos Aires,CABA,1
Liceo Franco-Argentino Jean Mermoz,Ciudad Autónoma de Buenos Aires,C. A. de Buenos Aires,3
Liceo Jean Mermoz,Ciudad Autónoma de Buenos Aires,Capital Federal,1
"Liceo Militar ""General Espejo""",Mendoza,Mendoza,3
"Liceo Militar ""General Roca""",Chubut,Comodoro Rivadavia,2
"Liceo Militar ""Gral Gregorio Aráoz de Lamadrid""",Tucumán,San Miguel de Tucumán,2
"Liceo Militar ""Gral Roca""",Chubut,Comodoro Rivadavia,1
Liceo Militar General Paz,Córdoba,Córdoba,1
"Liceo Naval Militar ""Almirante Storni""",Misiones,Posadas,1
Lincoln,Buenos Aires,Don Torcuato,1
Lincoln,Buenos Aires,La Plata,12
Los Arrayanes,Santa Fe,Rosario,2
Los Arroyos,Santa Fe,Rosario,7
Los Molinos,Buenos Aires,Boulogne,1
Los Molinos,Buenos Aires,Pacheco,2
Los Molinos,Buenos Aires,Tigre,3
Los Molinos,Ciudad Autónoma de Buenos Aires,C. A. de Buenos Aires,4
Los Robles,Buenos Aires,Pilar,1
Los Robles,Buenos Aires,San Andrés de Giles,1
Los Robles,Ciudad Autónoma de Buenos Aires,C. A. de Buenos Aires,1
Los Tilos,Buenos Aires,Luján,5
Luterano Concordia,Córdoba,Córdoba,2
Línea Cuchilla,Misiones,Ruiz de Montoya,2
Madero,Buenos Aires,Villa Madero,2
Madre Cabrini,Córdoba,San Esteban,2
Madre Teresa,Buenos Aires,Florencio Varela,2
Malvina Segui de Clavarino,Entre Ríos,Gualeguaychú,1
Malvina Seguí de Clavarino,Entre Ríos,Gualeguaychú,1
Manantiales,Buenos Aires,La Plata,3
Manuel Belgrano,Buenos Aires,Avellaneda,1
Manuel Belgrano,Buenos Aires,Banfield,2
Manuel Belgrano,Buenos Aires,Claypole,1
Manuel Belgrano,Buenos Aires,Ezpeleta,1
Manuel Belgrano,Buenos Aires,Lomas de Zamora,1
Manuel Belgrano,Buenos Aires,Quilmes,5
Manuel Belgrano,Buenos Aires,San Antonio de Areco,1
Manuel Belgrano,Buenos Aires,San Nicolás,1
Manuel Belgrano,Buenos Aires,Temperley,2
Manuel Belgrano,Córdoba,Córdoba,2
Manuel Belgrano,Santiago del Estero,Santiago del Estero,2
Mar del Plata Day School,Buenos Aires,Mar del Plata,5
Marianista,Buenos Aires,Junín,1
Marianista,Ciudad Autónoma de Buenos Aires,C. A. de Buenos Aires,2
Mariano Acosta,Buenos Aires,Wilde,1
Mariano Moreno,Buenos Aires,Azul,2
Mariano Moreno,Buenos Aires,Hurlingham,1
Mariano Moreno,La Pampa,Ingeniero Luiggi,3
Mariano Moreno,San Juan,San Juan,2
Mariano Moreno,Santa Fe,Landeta,2
Martin Buber,Ciudad Autónoma de Buenos Aires,C. A. de Buenos Aires,5
Martín Rivadavia,Chubut,Comodoro Rivadavia,2
Martín Zapata,Mendoza,Godoy Cruz,1
Martín Zapata,Mendoza,Guaymallén,2
María Auxiliadora,Buenos Aires,La Plata,6
María Auxiliadora,Chubut,Comodoro Rivadavia,2
María Auxiliadora,La Pampa,Santa Rosa,4
María F. de Carbonelli Nº 381,Santa Fe,Villa Constitución,1
María Inmaculada,Buenos Aires,General Villegas,2
María del Rosario,Salta,Orán,2
Marín,Buenos Aires,San Isidro,1
Mecenas,Corrientes,Corrientes,2
Medalla Milagrosa,Ciudad Autónoma de Buenos Aires,C. A. de Buenos Aires,3
Media 1,Buenos Aires,Junín,1
"Media Nº 14 ""Tomás Espora""",Buenos Aires,Lomas de Zamora,1
Michelangelo Buonarotti,Santa Fe,Casilda,1
Mirasoles,Santa Fe,Funes,2
Mirasoles,Santa Fe,Rosario,3
Misericordia N° 9096,Santa Fe,Rufino,2
Modelo Almafuerte,Buenos Aires,Merlo,1
Modelo Argentina,Buenos Aires,Necochea,3
Monserrat,Córdoba,Córdoba,2
Monseñor Miguel Ángel Aleman,Tierra del Fuego,Ushuaia,2
Monseñor Solari,Buenos Aires,Isidro Casanova,2
Monseñor Solari,Buenos Aires,Rafael Castillo,2
Monseñor Tomás Juan Solari,Buenos Aires,Rafael Castillo,2
Moorlands,Buenos Aires,Benavídez,1
Moorlands,Buenos Aires,Garín,4
Moorlands,Buenos Aires,Pilar,1
Moorlands,Buenos Aires,Tortuguitas,1
"Moorlands , St Catherines",Buenos Aires,Tortuguitas,1
Murialdo,Buenos Aires,Ciudad Jardín,2
Murialdo,Buenos Aires,Villa Bosch,1
NES,Buenos Aires,Quilmes,1
"Nacional ""Ernesto Sábato""",Buenos Aires,Tandil,1
Nacional Buenos Aires,Ciudad Autónoma de Buenos Aires,CABA,1
Nacional Dr. Arturo U. Illia,Buenos Aires,Mar del Plata,1
Nacional Rafael Hernández,Buenos Aires,La Plata,1
Nacional de San Isidro,Buenos Aires,Martínez,2
Nacional de San Isidro,Buenos Aires,Olivos,3
Nacional de San Isidro,Buenos Aires,San Fernando,2
Nacional de San Isidro,Buenos Aires,San Isidro,3
Nacional de San Isidro,Buenos Aires,Villa Adelina,1
Newlands,Buenos Aires,Burzaco,1
Newlans,Buenos Aires,Burzaco,1
Newman,Buenos Aires,Tigre,1
Niño Jesús,Buenos Aires,José C Paz,1
Niño Jesús,Corrientes,Paso de los Libres,1
Niño Jesús,Santa Fe,Santa Fe,1
Norbridge,Buenos Aires,Del Viso,1
Norbridge,Buenos Aires,Ingeniero Maschwitz,2
Norbridge,Buenos Aires,Pilar,2
Norbridge,Ciudad Autónoma de Buenos Aires,C. A. de Buenos Aires,1
Norland,Buenos Aires,Lanús,2
Norland,Buenos Aires,Lanús Este,1
"Normal ""Clemente J. Andrada""",La Pampa,Santa Rosa,2
"Normal ""Juan Bautista Alberdi""",Tucumán,San Miguel de Tucumán,3
"Normal ""Juan Pascual Pringles""",San Luis,Juana Koslay,3
"Normal ""Juan Pascual Pringles""",San Luis,San Luis,6
"Normal ""María Luiza Román de Frechou""",Corrientes,Saladas,1
"Normal ""Olegario V. Andrade""",Entre Ríos,Gualeguaychú,1
"Normal ""República de Bolivia""",Jujuy,Humahuaca,2
Normal Juan Bautista Alberdi,Tucumán,San Miguel de Tucumán,2
Normal Juan Pascual Pringles,San Luis,San Luis,2
Normal Nº 1,Ciudad Autónoma de Buenos Aires,C. A. de Buenos Aires,2
Normal Nº 1,Santa Fe,Santa Fe,1
Normal Nº 256,La Pampa,Santa Rosa,1
Normal Nº 8,Ciudad Autónoma de Buenos Aires,CABA,1
Normal República de Bolivia,Jujuy,Humahuaca,1
Normal Superior,Corrientes,Bella Vista,2
"Normal Superior ""Dr. Alejandro Carbo""",Córdoba,Córdoba,1
"Normal Superior ""República del Paraguay""",Formosa,Formosa,2
"Normal Superior ""Vicente Fatone""",Buenos Aires,Bahía Blanca,1
Normal Superior Nº 1,Ciudad Autónoma de Buenos Aires,C. A. de Buenos Aires,1
Normal Superior Nº 13,Misiones,San Vicente,6
"Normal Superior Nº 13 ""Ismael Quiles""",Misiones,San Vicente,2
"Normal Superior Nº 40 ""Mariano Moreno""",Santa Fe,San Cristóbal,1
Normal Superior Nº 7,Buenos Aires,Pergamino,2
Normal Superior Olegario Víctor Andrade,Entre Ríos,Gualeguaychú,1
"Normal Superior en Lenguas Vivas ""Juan Bautista Alberdi""",Tucumán,San Miguel de Tucumán,4
Normal de Pehuajó,Buenos Aires,Pehuajó,2
North Hills,Buenos Aires,Pilar,5
Northern Hills,Buenos Aires,Mar del Plata,1
Northern International School,Buenos Aires,Capilla del Señor,1
Northlands,Buenos Aires,Martínez,2
Northlands,Buenos Aires,Olivos,2
Northlands,Buenos Aires,San Isidro,2
Northlands,Buenos Aires,Tigre,2
Northlands Nordelta,Buenos Aires,Tigre,4
Ntra Señora del Huerto,Santa Fe,Santa Fe,1
Ntra. Sra. Del Huerto,Salta,Orán,3
Nuestra Señora,Buenos Aires,Lincoln,2
Nuestra Señora de Fátima,Buenos Aires,Del Viso,1
Nuestra Señora de Fátima,Buenos Aires,Olavarría,3
Nuestra Señora de Fátima,Buenos Aires,Quilmes,1
Nuestra Señora de Fátima,Río Negro,Cipoletti,1
Nuestra Señora de Fátima,Santa Cruz,Río Gallegos,4
Nuestra Señora de Fátima,Tucumán,San Miguel de Tucumán,2
Nuestra Señora de Itatí,Entre Ríos,Concordia,1
Nuestra Señora de Itatí,Misiones,Capioví,2
Nuestra Señora de Lourdes,Córdoba,Porteña,4
Nuestra Señora de Lourdes,Córdoba,Unquillo,2
Nuestra Señora de Luján,Buenos Aires,San Andrés de Giles,4
Nuestra Señora de Luján,Buenos Aires,Villa Ruiz,1
Nuestra Señora de Luján,Entre Ríos,Urdinarrain,2
Nuestra Señora de Nueva Pompeya,Buenos Aires,Necochea,1
Nuestra Señora de la Merced,Buenos Aires,Ensenada,1
Nuestra Señora de la Misericordia,Buenos Aires,La Plata,2
Nuestra Señora de la Misericordia,Buenos Aires,San Nicolás,4
Nuestra Señora de la Misericordia,Santa Fe,Casilda,2
Nuestra Señora de la Misericordia,Santa Fe,Rafaela,2
Nuestra Señora de la Misericordia,Santa Fe,Rufino,1
Nuestra Señora de la Unidad,Buenos Aires,Tigre,1
Nuestra Señora de la Unidad San Isidro,Buenos Aires,Tigre,1
Nuestra Señora de las Mercedes,Santa Fe,Montes de Oca,2
Nuestra Señora de los Ángeles,Santa Fe,Rosario,1
Nuestra Señora del Carmen,Buenos Aires,Mar del Plata,8
Nuestra Señora del Carmen,Corrientes,Bella Vista,4
Nuestra Señora del Huerto,Buenos Aires,Pergamino,2
Nuestra Señora del Huerto,Córdoba,Jesús María,1
Nuestra Señora del Huerto,Entre Ríos,Paraná,7
Nuestra Señora del Huerto,Salta,Orán,5
Nuestra Señora del Huerto,Salta,San Ramón de la Nueva Orán,2
Nuestra Señora del Loreto,Buenos Aires,Sarandi,1
Nuestra Señora del Milagro,Ciudad Autónoma de Buenos Aires,CABA,1
Nuestra Señora del Pilar,Buenos Aires,Pilar,3
Nuestra Señora del Rosario,Buenos Aires,Olavarría,1
Nuestra Señora del Rosario del Milagro,Córdoba,Jesús María,5
Nuestra Señora del Sagrado Corazón,Buenos Aires,Florencio Varela,1
Nuestra Sra. De Luján,Buenos Aires,San Andrés de Giles,1
Nuestra Tierra,Buenos Aires,Tandil,2
Nueva Concepción,Tucumán,San Miguel de Tucumán,8
Nueva Pompeya,Buenos Aires,Mar del Plata,1
Nuevo Milenio,Córdoba,Salsipuedes,2
Nuevo Milenio,Córdoba,Unquillo,1
Nuevo Mundo,Buenos Aires,Burzaco,1
Nuevo Surco,Buenos Aires,América,3
"Nº 12 ""Juan Bautista Alberdi""",Buenos Aires,Emilio V Bunge,1
"Nº 129 ""Jesús de Nazareth""",Entre Ríos,General Ramírez,1
"Nº 17 ""Martín Miguel de Güemes""",Entre Ríos,Concordia,3
"Nº 17 ""Primera Junta"" DE 7",Ciudad Autónoma de Buenos Aires,C. A. de Buenos Aires,1
"Nº 204 ""Domingo de Oro""",Santa Fe,Rafaela,1
"Nº 209 ""Dr. Dalmacio Vélez Sarfield""",Santa Fe,Casilda,1
"Nº 209 ""Dr. Dalmacio Vélez Sarsfield""",Santa Fe,Casilda,3
"Nº 319 ""Padre Francisco Komic""",Santa Fe,Los Molinos,1
Nº 34 Manuel Belgrano,Entre Ríos,Gualeguay,2
Nº 4,Mendoza,Mundo Nuevo - Rivadavia,1
"Nº 4 DE 9 ""Nicolás Avellaneda""",Ciudad Autónoma de Buenos Aires,C. A. de Buenos Aires,1
"Nº 4-117 ""Ejército de los Andes""",Mendoza,San Rafael,3
Nº 4132 Químicos Argentinos,Ciudad Autónoma de Buenos Aires,Mendoza,2
"Nº 428 ""Luisa R. de Barreiro""",Santa Fe,Rafaela,1
"Nº 8072 ""Niño Jesús de Praga""",Santa Fe,Carcarañá,1
Nº 8180 Sagrada Familia,Santa Fe,Casilda,1
ORT,Buenos Aires,Lomas de Zamora,2
ORT,Ciudad Autónoma de Buenos Aires,C. A. de Buenos Aires,29
ORT,Ciudad Autónoma de Buenos Aires,CABA,3
ORT 2,Buenos Aires,San Isidro,1
ORT II,Buenos Aires,Beccar,4
ORT II,Buenos Aires,Boulogne Sur Mer,3
ORT II,Buenos Aires,Escobar,2
ORT II,Buenos Aires,General Pacheco,1
ORT II,Buenos Aires,Olivos,4
ORT II,Buenos Aires,Pilar,2
ORT II,Buenos Aires,San Fernando,1
ORT II,Buenos Aires,San Isidro,3
ORT II,Buenos Aires,Vicente López,20
ORT II,Ciudad Autónoma de Buenos Aires,C. A. de Buenos Aires,28
ORT II,Ciudad Autónoma de Buenos Aires,C.A. De Buenos Aires,1
ORT II,Santa Fe,Rafaela,1
ORT Nº 2,Ciudad Autónoma de Buenos Aires,CABA,1
Pablo Apóstol,Tucumán,San Miguel de Tucumán,1
Pablo Apóstol,Tucumán,Yerba Buena,1
Pablo Tavelli,Buenos Aires,Mar del Plata,1
Pablo VI,Córdoba,San Francisco,4
Padre Aníbal María Di Francia,Buenos Aires,Campana,1
Padre Castañeda,Buenos Aires,La Plata,10
Padre Claret,Córdoba,Córdoba,1
Palermo Chico,Ciudad Autónoma de Buenos Aires,C. A. de Buenos Aires,7
"Parroquial ""La Rotonda""",Corrientes,Goya,2
Parroquial Pilar,Buenos Aires,Pilar,1
Parroquial San Andrés,Buenos Aires,Miramar,4
Participación Individual,Buenos Aires,Vicente López,1
Patagónico,Río Negro,Bariloche,1
Paula Albarracín de Sarmiento,Buenos Aires,José León Suárez,1
Paula Albarracín de Sarmiento,Buenos Aires,La Lucila,1
Paula Albarracín de Sarmiento,Buenos Aires,Olivos,1
Pbro. Constantino Spagnolo,Mendoza,Guiagnoni,1
Pbro. Constantino Spagnolo,Mendoza,"Ing. Guiagnoni, Junín",1
Pbro. José Albertini,Buenos Aires,Lobos,4
Pestalozzi,Ciudad Autónoma de Buenos Aires,C. A. de Buenos Aires,10
Pestalozzi Schule,Ciudad Autónoma de Buenos Aires,C. A. de Buenos Aires,4
Philips,Ciudad Autónoma de Buenos Aires,C. A. de Buenos Aires,4
Piacentini,Chaco,Resistencia,2
Piaget,Buenos Aires,San Isidro,1
Pierre Fermat,Buenos Aires,La Lucila,3
Pilgrim's College,Buenos Aires,San Isidro,1
Pilgrims,Buenos Aires,Beccar,3
Pilgrims,Buenos Aires,Pacheco,5
Pilgrims,Buenos Aires,San Isidro,2
Pio IX,Ciudad Autónoma de Buenos Aires,Cdad de Buenos Aires,1
Pio XII,La Rioja,La Rioja - Capital,1
Polimodal Nro 3 José M.Estrada,Santa Cruz,Las Heras,1
Politécnico Modelo,Buenos Aires,Vicente López,2
Politécnico Modelo,Ciudad Autónoma de Buenos Aires,C. A. de Buenos Aires,1
Poplars,Santa Cruz,Río Gallegos,4
Poplars High School,Santa Cruz,Río Gallegos,2
Poplars School,Santa Cruz,Río Gallegos,3
Preciosísima Sangre,Buenos Aires,Pablo Podestá,1
Primo Capraro,Río Negro,Bariloche,2
Primo Capraro,Río Negro,San Carlos de Bariloche,1
Privada Ranelagh,Buenos Aires,Ranelagh,2
Pucará,Tucumán,Yerba Buena,1
Pía Didomenico,Catamarca,San Fernando del Valle de Catamarca,1
Pío IX,Ciudad Autónoma de Buenos Aires,C. A. de Buenos Aires,19
Pío IX,Ciudad Autónoma de Buenos Aires,CABA,1
Pío XII,La Rioja,La Rioja,1
Quilmes High School,Buenos Aires,Bernal,1
Quilmes High School,Buenos Aires,Quilmes,4
Químicos Argentinos,Mendoza,Godoy Cruz,1
R.J. Payró,Buenos Aires,Berazategui,1
Ranelagh,Buenos Aires,Ranelagh,1
Raíces de Gonnet,Buenos Aires,La Plata,1
Regina Apostolorum,Buenos Aires,Claypole,1
René G. Favaloro,Buenos Aires,Berisso,2
René G. Favaloro,Buenos Aires,La Plata,6
Roubineau,Corrientes,Corrientes,2
Sagrada Familia,Buenos Aires,Daireaux,1
Sagrada Familia,Buenos Aires,Mar del Plata,1
Sagrada Familia,Buenos Aires,Tandil,3
Sagrada Familia,Buenos Aires,Villa Adelina,2
Sagrada Familia,Córdoba,Córdoba,4
Sagrada Familia,La Pampa,Intendente Alvear,1
Sagrada Familia,Misiones,Iguazú,1
Sagrada Familia,Santa Fe,Casilda,15
Sagrada Familia,Santa Fe,Fuentes,2
Sagrada Familia,Santa Fe,Pujato,3
Sagrada Familia Nº 8180,Santa Fe,Pujato,1
Sagrado Corazón,Buenos Aires,Coronel Pringles,1
Sagrado Corazón,Buenos Aires,La Plata,3
Sagrado Corazón,Santa Fe,Venado Tuerto,3
Sagrado Corazón,Tucumán,San Miguel de Tucumán,7
Sagrado Corazón de Jesús,Buenos Aires,Bernal,6
Sagrado Corazón de Jesús,Buenos Aires,La Plata,2
Sagrado Corazón de Jesús,Buenos Aires,Quilmes,10
Sagrado Corazón de Jesús,Tucumán,San Miguel de Tucumán,2
Saint Patrick College,Corrientes,Corrientes,2
Saint Paul's School,Córdoba,Capilla del Monte,1
San Agustín,Buenos Aires,Mar del Plata,1
San Agustín,Ciudad Autónoma de Buenos Aires,C. A. de Buenos Aires,2
San Alberto,Buenos Aires,Mar del Plata,2
San Alberto Magno,Misiones,Posadas,1
San Alfonso,Buenos Aires,San Miguel,1
San Alfonso,Salta,Salta,2
San Andrés,Buenos Aires,La Lucila,2
San Andrés,Buenos Aires,Martínez,7
San Andrés,Buenos Aires,Olivos,7
San Andrés,Buenos Aires,Pacheco,2
San Andrés,Buenos Aires,San Fernando,1
San Andrés,Buenos Aires,San Isidro,4
San Andrés,Buenos Aires,Tigre,3
San Andrés,Ciudad Autónoma de Buenos Aires,C. A. de Buenos Aires,5
San Antonio,Buenos Aires,San Andrés de Giles,3
San Antonio,Buenos Aires,San Antonio de Areco,16
San Antonio de Padua,Buenos Aires,José León Suárez,2
San Bartolomé,Santa Fe,Rosario,8
San Basilio Magno,Misiones,Posadas,4
San Bernardo,Buenos Aires,San Bernardo,2
San Bonifacio,Buenos Aires,Adrogué,1
San Buenaventura,Córdoba,Río Cuarto,1
San Buenaventura,San Luis,Villla Mercedes,1
San Carlos,Buenos Aires,"Martínez, San Isidro",1
San Cayetano,Buenos Aires,Azul,4
San Cayetano,Buenos Aires,Boulogne,2
San Cosme y San Damián,Ciudad Autónoma de Buenos Aires,C. A. de Buenos Aires,2
San Diego,Buenos Aires,Wilde,4
San Esteban,Río Negro,Bariloche,1
San Ezequiel Moreno,Santa Fe,Santa Fe,1
San Francisco Solano,Santa Fe,Rosario,7
San Francisco de Asís,Buenos Aires,Bahía Blanca,1
San Francisco de Asís,Buenos Aires,Villa Elisa,2
San Francisco de Asís,Córdoba,Córdoba,10
San Francisco de Asís,Córdoba,Río Cuarto,5
San Francisco de Asís,Córdoba,San Francisco,2
San Ignacio,Buenos Aires,Tandil,3
San Ignacio,Córdoba,Río Cuarto,3
San Isidro Labrador,Entre Ríos,La Paz,1
San Javier,Tucumán,San Miguel de Tucumán,2
San Javier,Tucumán,Tucumán,2
San Javier,Tucumán,Yerba Buena,1
San Jorge,Buenos Aires,Quilmes,2
San Jorge Norte,Buenos Aires,Los Polvorines,7
San José,Buenos Aires,Bragado,1
San José,Buenos Aires,Coronel Suárez,1
San José,Buenos Aires,Gonnet,1
San José,Buenos Aires,La Plata,1
San José,Buenos Aires,Navarro,1
San José,Buenos Aires,Pergamino,1
San José,Buenos Aires,Quilmes,2
San José,Buenos Aires,Rojas,2
San José,Buenos Aires,San Martín,3
San José,Buenos Aires,Tandil,1
San José,Buenos Aires,Villa Maipú,1
San José,Corrientes,Corrientes,1
San José,Córdoba,Córdoba,6
San José,Entre Ríos,Concordia,1
San José,Entre Ríos,Gualeguay,2
San José,Santa Cruz,Puerto Deseado,1
San José,Santa Fe,Rafaela,2
San José,Santa Fe,Sunchales,2
San José,Santiago del Estero,La Banda,2
San José,Santiago del Estero,Santiago del Estero,1
San José Adoratrices,Entre Ríos,Concordia,20
San José D-48,Entre Ríos,Gualeguay,5
San José EEMPI 8107,Santa Fe,Sunchales,1
San José Hnos Maristas,Buenos Aires,Pergamino,2
San José Obrero,Buenos Aires,Caseros,2
San José Obrero,Chubut,Comodoro Rivadavia,2
San José Obrero,Santa Cruz,Caleta Olivia,2
San José Obrero,Santa Fe,Sunchales,1
San José Pergamino,Buenos Aires,Pergamino,2
San José de Calasanz,Tucumán,"Aguilares, Río Chico",2
San José de Flores,Ciudad Autónoma de Buenos Aires,C. A. de Buenos Aires,2
San José de Flores,Ciudad Autónoma de Buenos Aires,Ciudad de Buenos Aires,1
San Juan,Buenos Aires,Martínez,1
San Juan,Buenos Aires,San Isidro,3
San Juan Bautista,Buenos Aires,Moreno,2
San Juan Bautista,Buenos Aires,Paso del Rey,1
San Juan Bautista,Buenos Aires,Paso del Rey - Moreno,1
San Juan Bosco,La Pampa,Victorica,1
San Juan el Precursor,Buenos Aires,Beccar,3
San Juan el Precursor,Buenos Aires,Martínez,2
San Juan el Precursor,Buenos Aires,San Isidro,15
San Juan el Precursor,Buenos Aires,Tigre,2
San Juan el Precursor,Tucumán,Yerba Buena,3
San Judas Tadeo,Buenos Aires,San Antonio de Padua,2
San Leonardo Murialdo,Buenos Aires,Bella Vista,1
San Lucas,Buenos Aires,Olivos,2
San Lucas,Ciudad Autónoma de Buenos Aires,C. A. de Buenos Aires,2
San Luis,Buenos Aires,Escobar,2
San Luis,Buenos Aires,La Plata,1
San Luis,Buenos Aires,San Fernando,1
San Luis,Buenos Aires,Victoria,1
San Luis Gonzaga,Buenos Aires,Gral Las Heras,3
San Marcos,Buenos Aires,Llavallol,1
San Marcos,Buenos Aires,San Isidro,1
San Marcos San Isidro,Buenos Aires,Boulogne,2
San Mauro,Buenos Aires,Quilmes,1
San Miguel,Buenos Aires,Adrogué,1
San Miguel Garicoits,Buenos Aires,La Plata,1
San Pablo,Buenos Aires,Pergamino,1
San Pablo,Buenos Aires,Wilde,2
San Pablo,Córdoba,La Cumbre,2
San Pablo,Salta,Salta,3
San Pablo,Santa Fe,Villa Constitución,2
San Pablo Apóstol,Neuquén,San Martín de los Andes,4
San Pablo Norte,Buenos Aires,Los Polvorines,2
San Patricio,Buenos Aires,Luján,2
San Patricio,Río Negro,Bariloche,1
San Patricio,Santa Fe,Rosario,2
San Patricio,Tucumán,Yerba Buena,4
San Patricio de Luján,Buenos Aires,General Rodríguez,1
San Rafael,Buenos Aires,Villa Parque Caseros,1
San Rafael,Ciudad Autónoma de Buenos Aires,C. A. de Buenos Aires,2
San Ramón,Buenos Aires,Tigre,2
San Roque,Chaco,Resistencia,2
San Vicente de Paul,Buenos Aires,Lanús Este,2
Santa Bárbara,Jujuy,San Salvador de Jujuy,4
Santa Bárbara,Tucumán,Concepción,1
Santa Catalina,Tucumán,Las Talitas,1
Santa Catalina,Tucumán,San Miguel de Tucumán,4
Santa Catalina Labouré,Formosa,Clorinda,4
Santa Cruz,Buenos Aires,Acassuso,1
Santa Cruz,Buenos Aires,Acasusso,2
Santa Cruz,Buenos Aires,Beccar,6
Santa Cruz,Buenos Aires,San Isidro,10
Santa Cruz,Ciudad Autónoma de Buenos Aires,C. A. de Buenos Aires,1
Santa Eufrasia,Córdoba,Río Cuarto,1
Santa Inés,Buenos Aires,Beccar,2
Santa Inés,Buenos Aires,La Lucila,1
Santa Inés,Buenos Aires,Martínez,2
Santa Inés,Buenos Aires,Pacheco,4
Santa Inés,Buenos Aires,San Isidro,1
Santa Juana de Arco,Córdoba,Cruz Alta,1
Santa Justina Nº 8154,Santa Fe,Alvarez,1
Santa Justina Nº 8154,Santa Fe,Álvarez,1
Santa Lucía,Buenos Aires,Florencio Varela,3
Santa Marta,Buenos Aires,Colón,3
Santa María,Buenos Aires,Cañuelas,2
Santa María,Buenos Aires,Pehuajó,1
Santa María,Buenos Aires,Pilar,4
Santa María,Buenos Aires,Villa Rosa,1
Santa María,Salta,Rosario de Lerma,1
Santa María,Salta,Salta,1
Santa María Goretti,Santa Fe,Arroyo Seco,6
Santa María de la Asunción,Buenos Aires,San Antonio de Areco,4
Santa María de las Colinas del Norte,Buenos Aires,Mar del Plata,1
Santa Rosa,Santa Fe,Venado Tuerto,2
Santa Rosa,Tucumán,Tafí Viejo,1
Santa Teresa,Buenos Aires,Tigre,2
Santa Teresa del Niño Jesús,Buenos Aires,Martínez,4
Santa Teresa del Niño Jesús,Buenos Aires,"Martínez, San Isidro",1
Santa Teresa del Niño Jesús,Buenos Aires,San Isidro,2
Santa Teresita,Buenos Aires,Henderson,1
Santa Unión,Buenos Aires,Junín,2
Santa Unión de los Sagrados Corazones,Buenos Aires,Junín,2
Santo Tomás,Córdoba,Córdoba,11
Santo Tomás,La Pampa,Santa Rosa,3
Santo Tomás,La Pampa,Toay,1
Santo Tomás de Aquino,Buenos Aires,Campana,1
Santísima Trinidad,Buenos Aires,Mar del Plata,8
Santísima Trinidad,Córdoba,Villa María,2
Santísimo Rosario,Santa Fe,Rosario,1
Santísimo Rosario,Tucumán,Monteros,2
Schiller Schule,Buenos Aires,Partido de 3 de Febrero,1
Schiller Schule,Ciudad Autónoma de Buenos Aires,C. A. de Buenos Aires,2
Scholem Aleijem,Ciudad Autónoma de Buenos Aires,C. A. de Buenos Aires,1
Schönthal,Ciudad Autónoma de Buenos Aires,C. A. de Buenos Aires,1
"Secundaria D-198 ""San José""",Entre Ríos,Crespo,2
Secundaria Normal Nº 1,Buenos Aires,Los Toldos,1
Secundaria de la UNL,Santa Fe,Santa Fe,2
Secundaria de la UNL,Santa Fe,Santo Tomé,2
"Secundario D-200 ""María Ward""",Entre Ríos,Cerrito,4
Senderos Azules,Buenos Aires,Adrogué,1
Senderos Azules,Buenos Aires,Ezeiza,1
Senderos Azules,Buenos Aires,Luis Guillón,2
Senderos Azules,Buenos Aires,Monte Grande,19
Solar del Pilar,Buenos Aires,La Lonja,1
Southern International School,Buenos Aires,Berazategui,2
Southern International School,Buenos Aires,Hudson,2
St. Brendan's,Ciudad Autónoma de Buenos Aires,C. A. de Buenos Aires,3
St. Brendan's College,Ciudad Autónoma de Buenos Aires,C. A. de Buenos Aires,3
St. Gregory's College,Buenos Aires,Olivos,3
St. John's,Buenos Aires,Beccar,2
St. John's,Buenos Aires,Martínez,3
St. Matthew's College,Ciudad Autónoma de Buenos Aires,C. A. de Buenos Aires,2
St. Matthew's College North,Buenos Aires,Del Viso,2
St. Matthew's College North,Buenos Aires,Pilar,2
St. Matthew's College North,Ciudad Autónoma de Buenos Aires,C. A. de Buenos Aires,1
Sunrise School,Río Negro,Cipolletti,3
Superior Nº 50,Santa Fe,Rufino,2
Superior de Comercio,Buenos Aires,Bahía Blanca,4
Superior de Comercio,Santa Fe,Rosario,12
Superior de Comercio Libertador General San Marín,Santa Fe,Rosario,1
Superior de Comercio Manuel Belgrano,Córdoba,Córdoba,1
Sworn,Buenos Aires,Benavídez,2
Sworn,Buenos Aires,Pacheco,2
Sworn,Buenos Aires,Tigre,1
Sworn Junior College,Buenos Aires,Pacheco,2
Sworn Junior College,Buenos Aires,Tigre,1
Sworn Junior College,Ciudad Autónoma de Buenos Aires,C. A. de Buenos Aires,1
Taborín,Córdoba,Córdoba,1
Tarbut,Buenos Aires,Grand Bourg,2
Tarbut,Buenos Aires,Pilar,2
Tarbut,Ciudad Autónoma de Buenos Aires,C. A. de Buenos Aires,9
Thomas Jefferson College,Buenos Aires,Merlo,1
Thomas Jefferson College,Buenos Aires,Moreno,1
Thomas Jefferson College,Ciudad Autónoma de Buenos Aires,C. A. de Buenos Aires,2
Torres de Ladrillo,Buenos Aires,Pilar,1
Tulio García Fernández,Tucumán,San Miguel de Tucumán,5
"Técnica ""Nuevo Milenio""",Corrientes,Gobernador Virasoro,1
Técnica Alemana Moreno,Buenos Aires,Moreno,1
Técnica Nº 1,Buenos Aires,Rojas,1
"Técnica Nº 8 ""J. B. Alberdi""",Buenos Aires,La Plata,1
Técnica ORT,Buenos Aires,Avellaneda,1
UE Nº 10,La Pampa,Santa Rosa,3
UEP Nº 31 San Roque,Chaco,Resistencia,2
Unidad Educativa Nº 3,La Pampa,Santa Rosa,1
Verbo Divino,Buenos Aires,Del Viso,1
Verbo Divino,Buenos Aires,Pilar,1
Villa Devoto School,Ciudad Autónoma de Buenos Aires,C. A. de Buenos Aires,9
Villa Devoto School,Ciudad Autónoma de Buenos Aires,Capital Federal,2
Vuelta del Ombú,Corrientes,Gobernador Virasoro,1
Vélez Sarsfield,Buenos Aires,Paso del Rey,1
Ward,Buenos Aires,Castelar,1
Ward,Buenos Aires,Villa Sarmiento,1
Washington School,Ciudad Autónoma de Buenos Aires,C. A. de Buenos Aires,6
William Morris,Buenos Aires,Ituzaingó,2
Woodville,Río Negro,Bariloche,5
Zona Parque,Santa Fe,Rosario,3
Zorrilla,Córdoba,Córdoba,2
del Salvador,Jujuy,San Salvador de Jujuy,1
